name,email,country,region,phone,address,occupation,score,registration_number,married,age,skin_color,2nd_vacine
Kelly Dickerson,condimentum@utmolestiein.ca,Brazil,Bahia,(18) 0000-6045,846-8012 Mi Rd.,Enfermeiro Plantonista,3,2187,Nao,28,Indígena,0
Herman Estes,curabitur@maurisut.edu,Brazil,São Paulo,(89) 0000-5396,Ap #514-7873 Mauris St.,Farmaceutico,5,2084,Nao,27,Parda,0
Rhiannon Moses,egestas.lacinia@morbivehicula.com,Brazil,São Paulo,(26) 0000-1177,4877 Sagittis Rd.,Nefrologista,1,2078,Nao,41,Amarela,0
Kyla Dunlap,nascetur.ridiculus@dis.edu,Brazil,Bahia,(98) 0000-1864,"Price Patrick,metus@nequevitae.edu,Brazil,Pará,(85) 0000-7263,Ap #971-1805 Nulla St.,Enfermeiro Obstreta,8,2033,Nao,41,Parda,1",Nefrologista,10,2058,Sim,47,Branca,0
Keith Gould,sed.turpis@eteros.co.uk,Brazil,Santa Catarina,(33) 0000-8924,550-7141 Nascetur Av.,Enfermeiro Plantonista,1,2057,Nao,45,Branca,1
Price Patrick,metus@nequevitae.edu,Brazil,Pará,(85) 0000-7263,Ap #971-1805 Nulla St.,Enfermeiro Obstreta,8,2033,Nao,41,Parda,1
Astra Saunders,nisi.nibh@nonbibendumsed.edu,Brazil,Maranhão,(71) 0000-8811,663-1107 Eget Rd.,Gerente de Enfermagem,5,2663,Nao,49,Amarela,1
Amethyst Black,ullamcorper@elitpharetra.org,Brazil,Bahia,(65) 0000-6678,"Price Patrick,metus@nequevitae.edu,Brazil,Pará,(85) 0000-7263,Ap #971-1805 Nulla St.,Enfermeiro Obstreta,8,2033,Nao,41,Parda,1",Fisioterapeuta Geral,8,2280,Nao,27,Amarela,0
Ainsley Nichols,sed.congue@proin.ca,Brazil,Pernambuco,(35) 0000-4276,Ap #269-7752 Cras Ave,Tecnico Enfermagem,8,2689,Sim,27,Preta,0
Jared Drake,dolor.egestas@idenim.ca,Brazil,Paraná,(84) 0000-3934,Ap #998-2390 Posuere St.,Tecnico Em Radiologia,3,2026,Nao,20,Amarela,1
Richard Clements,ut.tincidunt@quismassamauris.net,Brazil,Pernambuco,(75) 0000-4936,220-9472 Justo. Avenue,Tecnico Enfermagem,2,2433,Nao,20,Parda,0
Maisie Fernandez,neque@inceptoshymenaeos.org,Brazil,Santa Catarina,(21) 0000-1482,Ap #751-1468 Ut St.,Tecnico Em Radiologia,5,2396,Sim,44,Amarela,0
Britanni Zamora,hendrerit.donec.porttitor@ipsum.net,Brazil,Goiás,(25) 0000-9177,"Price Patrick,metus@nequevitae.edu,Brazil,Pará,(85) 0000-7263,Ap #971-1805 Nulla St.,Enfermeiro Obstreta,8,2033,Nao,41,Parda,1",Coordenador de Enfermagem,2,2408,Nao,48,Preta,1
Paul Russo,eu@loremipsum.com,Brazil,Ceará,(81) 0000-5121,Ap #792-9692 Ultricies Ave,Enfermeiro Chefe,7,2742,Sim,37,Amarela,1
Jade Palmer,lacus.vestibulum@lacusvestibulum.com,Brazil,Ceará,(41) 0000-5238,464-8056 Ullamcorper Ave,Coordenador de Enfermagem,9,2179,Nao,50,Indígena,0
Jemima Jenkins,sem.egestas.blandit@placerateget.net,Brazil,Rio Grande do Sul,(27) 0000-2577,9018 Phasellus Ave,Auxiliar de Enfermagem,4,2467,Sim,28,Branca,1
Vladimir Mercado,cras@turpisnullaaliquet.edu,Brazil,Santa Catarina,(41) 0000-4241,998-5542 Eu Av.,Enfermeiro Plantonista,1,2722,Nao,31,Amarela,0
Ulysses Hart,egestas.rhoncus@penatibuset.com,Brazil,São Paulo,(78) 0000-7755,"Price Patrick,metus@nequevitae.edu,Brazil,Pará,(85) 0000-7263,Ap #971-1805 Nulla St.,Enfermeiro Obstreta,8,2033,Nao,41,Parda,1",Medico,7,2242,Nao,25,Preta,1
Gil Roberson,ut.aliquam@orci.co.uk,Brazil,Rio Grande do Sul,(16) 0000-3368,Ap #730-4961 Mi Avenue,Enfermeiro Plantonista,9,2419,Sim,34,Preta,1
Maggy Mccray,augue@velitquisquevarius.com,Brazil,Ceará,(87) 0000-1512,Ap #136-2886 Sed Ave,Cirurgiao,6,2753,Sim,31,Amarela,1
Nash Osborne,aliquet@utsemper.edu,Brazil,Santa Catarina,(83) 0000-3572,"Price Patrick,metus@nequevitae.edu,Brazil,Pará,(85) 0000-7263,Ap #971-1805 Nulla St.,Enfermeiro Obstreta,8,2033,Nao,41,Parda,1",Enfermeiro Chefe,2,2146,Sim,23,Indígena,1
Denise Mccarty,ut@tortornibh.edu,Brazil,Rio de Janeiro,(27) 0000-0376,Ap #403-4394 Nisl. Avenue,Enfermeiro Obstreta,3,2449,Nao,38,Amarela,0
Clark Sloan,lorem.auctor@duiquisaccumsan.org,Brazil,Santa Catarina,(75) 0000-0731,504-5934 Consectetuer Avenue,Tecnico Enfermagem,8,2309,Nao,32,Preta,1
Jarrod Conrad,facilisis.magna@tinciduntneque.ca,Brazil,Pará,(73) 0000-8962,753-4383 In St.,Enfermeiro Chefe,7,2197,Nao,35,Amarela,0
Kyle Knapp,neque.tellus@cursusin.com,Brazil,Maranhão,(39) 0000-5110,907-1267 Metus. Ave,Nefrologista,6,2249,Sim,28,Parda,0
Maris Vargas,aliquet.diam@curabiturconsequat.com,Brazil,Bahia,(37) 0000-7750,Ap #358-1408 Urna. Av.,Fisioterapeuta Geral,9,2280,Nao,29,Indígena,1
Ulric Branch,mollis.vitae@phasellusdolorelit.co.uk,Brazil,São Paulo,(99) 0000-5752,9559 Ac Road,Farmaceutico,10,2216,Nao,19,Amarela,1
Bethany Kim,accumsan.sed@velitduisemper.com,Brazil,Ceará,(74) 0000-1723,"Price Patrick,metus@nequevitae.edu,Brazil,Pará,(85) 0000-7263,Ap #971-1805 Nulla St.,Enfermeiro Obstreta,8,2033,Nao,41,Parda,1",Auxiliar de Enfermagem,6,2393,Nao,35,Parda,1
Igor Nielsen,eu.arcu@eunibhvulputate.ca,Brazil,Pará,(16) 0000-4755,Ap #149-1870 Ultrices Street,Gerente de Enfermagem,7,2072,Nao,25,Indígena,0
Hayes Burgess,rutrum@euismodetcommodo.edu,Brazil,Santa Catarina,(20) 0000-9287,1822 Cras Road,Enfermeiro UTI,6,2790,Nao,48,Indígena,0
Eric Mueller,cras.sed@a.edu,Brazil,Rio de Janeiro,(33) 0000-2386,Ap #914-259 Vitae Av.,Tecnico Em Radiologia,2,2486,Sim,44,Branca,1
Bianca Fitzgerald,pharetra.nibh@orci.edu,Brazil,Paraná,(61) 0000-8165,Ap #404-1747 Lorem St.,Enfermeiro Obstreta,8,2159,Sim,38,Indígena,1
Kirsten Freeman,sodales.nisi@aliquet.com,Brazil,Bahia,(57) 0000-7635,Ap #900-4208 Luctus St.,Coordenador de Enfermagem,3,2267,Sim,40,Parda,0
Benjamin Mccray,nulla@loremipsum.ca,Brazil,Santa Catarina,(12) 0000-7456,Ap #297-3211 Phasellus Road,Farmaceutico,6,2084,Sim,43,Indígena,1
Laurel Shaffer,pede@odiovel.edu,Brazil,Santa Catarina,(36) 0000-5094,Ap #621-1583 Pharetra Ave,Cirurgiao,1,2694,Sim,18,Indígena,0
Kylie Macdonald,ornare@magnisdisparturient.com,Brazil,Ceará,(73) 0000-4583,"Price Patrick,metus@nequevitae.edu,Brazil,Pará,(85) 0000-7263,Ap #971-1805 Nulla St.,Enfermeiro Obstreta,8,2033,Nao,41,Parda,1",Coordenador de Enfermagem,10,2264,Sim,47,Amarela,1
Doris Kent,ultricies.dignissim@nullamvelitdui.net,Brazil,Rio Grande do Sul,(03) 0000-4718,"Price Patrick,metus@nequevitae.edu,Brazil,Pará,(85) 0000-7263,Ap #971-1805 Nulla St.,Enfermeiro Obstreta,8,2033,Nao,41,Parda,1",Cirurgiao,4,2751,Sim,35,Amarela,1
Isabella Charles,lobortis@arcu.ca,Brazil,Paraíba,(37) 0000-1584,Ap #513-8495 Mauris Avenue,Tecnico Enfermagem,7,2897,Sim,48,Branca,0
Kelly Webb,erat.vivamus.nisi@dictum.com,Brazil,Rio Grande do Sul,(93) 0000-7153,156-3629 Sociis Street,Gerente de Enfermagem,4,2732,Sim,44,Branca,0
Xandra Mays,proin.vel@quis.net,Brazil,Pará,(85) 0000-1111,Ap #913-6680 Eget St.,Tecnico Enfermagem,3,2997,Nao,21,Indígena,0
Serena Davis,cursus.diam@adipiscingelitcurabitur.ca,Brazil,Rio de Janeiro,(73) 0000-2464,"Price Patrick,metus@nequevitae.edu,Brazil,Pará,(85) 0000-7263,Ap #971-1805 Nulla St.,Enfermeiro Obstreta,8,2033,Nao,41,Parda,1",Enfermeiro UTI,7,2443,Sim,25,Branca,1
Wylie Giles,natoque.penatibus.et@liberoproin.com,Brazil,Goiás,(47) 0000-7137,"Price Patrick,metus@nequevitae.edu,Brazil,Pará,(85) 0000-7263,Ap #971-1805 Nulla St.,Enfermeiro Obstreta,8,2033,Nao,41,Parda,1",Auxiliar de Enfermagem,4,2545,Sim,46,Amarela,0
Flavia Lang,in.at.pede@sit.co.uk,Brazil,Rio de Janeiro,(66) 0000-0659,"Price Patrick,metus@nequevitae.edu,Brazil,Pará,(85) 0000-7263,Ap #971-1805 Nulla St.,Enfermeiro Obstreta,8,2033,Nao,41,Parda,1",Enfermeiro Obstreta,5,2652,Nao,41,Parda,0
Melinda Goodman,nec.urna.et@porttitor.net,Brazil,Rio de Janeiro,(87) 0000-4911,Ap #548-2885 Dis Av.,Tecnico Em Radiologia,6,2392,Sim,47,Amarela,0
Celeste Mckinney,duis.sit.amet@etnetuset.edu,Brazil,Paraíba,(82) 0000-7215,"Price Patrick,metus@nequevitae.edu,Brazil,Pará,(85) 0000-7263,Ap #971-1805 Nulla St.,Enfermeiro Obstreta,8,2033,Nao,41,Parda,1",Medico,1,2175,Nao,47,Parda,0
Stacey Buckley,in.lobortis@temporest.org,Brazil,Pernambuco,(56) 0000-8817,354-5738 Dis Av.,Enfermeiro Chefe,4,2005,Sim,20,Branca,1
Tyler Ray,ligula.nullam@convallis.edu,Brazil,Paraíba,(63) 0000-8418,122-7907 Ac Av.,Enfermeiro Plantonista,6,2164,Nao,24,Preta,1
Aaron Doyle,tempus@integer.ca,Brazil,Minas Gerais,(11) 0000-9824,Ap #373-9040 Suspendisse Av.,Enfermeiro Obstreta,5,2608,Sim,27,Amarela,1
Duncan Cole,neque.sed@etmagnapraesent.net,Brazil,Pernambuco,(87) 0000-5907,Ap #577-3467 Consequat Rd.,Auxiliar de Enfermagem,9,2952,Sim,19,Indígena,1
Garrison Vance,a.tortor@duiquis.org,Brazil,Goiás,(49) 0000-8841,3420 Orci Road,Nefrologista,10,2373,Nao,33,Parda,1
Nyssa Gregory,facilisis@risusmorbi.com,Brazil,Paraíba,(72) 0000-3881,5753 Aliquam Ave,Gerente de Enfermagem,2,2542,Sim,44,Amarela,0
Regan Marquez,sed@gravidanunc.edu,Brazil,Santa Catarina,(16) 0000-3867,Ap #883-7764 Semper Avenue,Gerente de Enfermagem,8,2917,Nao,47,Branca,0
Astra Bradley,luctus@tempusloremfringilla.co.uk,Brazil,Maranhão,(21) 0000-4138,Ap #658-6763 Pede Rd.,Gerente de Enfermagem,8,2143,Nao,25,Indígena,1
Plato Sexton,dolor.fusce.mi@ligulaaeneaneuismod.net,Brazil,Rio de Janeiro,(38) 0000-6369,"Violet Leach,vivamus.non.lorem@euismodestarcu.ca,Brazil,Goiás,(91) 0000-7703,Ap #689-4332 A Rd.,Medico,3,2738,Nao,19,Preta,0",Cirurgiao,1,2725,Sim,27,Preta,1
Noel Armstrong,metus.eu@afeugiat.edu,Brazil,Minas Gerais,(51) 0000-2172,1298 Aptent St.,Coordenador de Enfermagem,1,2695,Sim,34,Indígena,1
Violet Leach,vivamus.non.lorem@euismodestarcu.ca,Brazil,Goiás,(91) 0000-7703,Ap #689-4332 A Rd.,Medico,3,2738,Nao,19,Preta,0
Chaim Levy,nisl.arcu.iaculis@ut.co.uk,Brazil,Maranhão,(16) 0000-0249,Ap #989-8662 Integer Street,Enfermeiro Chefe,4,2376,Nao,23,Parda,0
Kasper Guerra,velit.in@pedeultricesa.edu,Brazil,Rio de Janeiro,(62) 0000-2506,"Violet Leach,vivamus.non.lorem@euismodestarcu.ca,Brazil,Goiás,(91) 0000-7703,Ap #689-4332 A Rd.,Medico,3,2738,Nao,19,Preta,0",Cirurgiao,4,2602,Nao,25,Preta,0
Petra Vega,et.ultrices@intempus.co.uk,Brazil,Rio Grande do Sul,(62) 0000-7351,Ap #311-5278 Nunc. Street,Enfermeiro Plantonista,4,2805,Sim,22,Branca,1
Grady Burch,id.magna@nislarcu.ca,Brazil,Rio de Janeiro,(15) 0000-1892,"Violet Leach,vivamus.non.lorem@euismodestarcu.ca,Brazil,Goiás,(91) 0000-7703,Ap #689-4332 A Rd.,Medico,3,2738,Nao,19,Preta,0",Enfermeiro Plantonista,2,2844,Sim,42,Indígena,0
Ahmed Conley,nunc.quisque@augue.com,Brazil,Goiás,(93) 0000-0374,"Violet Leach,vivamus.non.lorem@euismodestarcu.ca,Brazil,Goiás,(91) 0000-7703,Ap #689-4332 A Rd.,Medico,3,2738,Nao,19,Preta,0",Medico,4,2314,Sim,31,Amarela,0
Deacon Noble,senectus.et@praesentinterdum.co.uk,Brazil,Goiás,(68) 0000-4773,981-500 Curae Ave,Tecnico Enfermagem,2,2332,Sim,33,Branca,0
Kyle Sutton,neque.non@sedpede.ca,Brazil,Minas Gerais,(83) 0000-5545,Ap #674-2961 Lacus St.,Tecnico Enfermagem,10,2092,Nao,41,Indígena,0
Reuben Wilkerson,at@pretiumet.net,Brazil,Rio de Janeiro,(21) 0000-1187,209-9084 Vel Av.,Enfermeiro Plantonista,4,2621,Sim,40,Branca,1
Sarah Shaffer,nisl.elementum@utpharetra.org,Brazil,Pará,(35) 0000-2262,175-5385 Dolor. Ave,Auxiliar de Enfermagem,7,2208,Nao,47,Branca,1
Palmer Drake,lobortis.augue.scelerisque@nuncuterat.net,Brazil,Pernambuco,(44) 0000-1418,Ap #631-8394 Aliquam Rd.,Fisioterapeuta Geral,6,2546,Nao,30,Parda,0
Shannon Fitzpatrick,commodo.tincidunt@duisgravidapraesent.org,Brazil,São Paulo,(17) 0000-3665,838-2112 Phasellus Street,Tecnico Enfermagem,4,2318,Sim,30,Amarela,0
Barclay Buchanan,rutrum.magna.cras@lacinia.edu,Brazil,Pernambuco,(83) 0000-2716,Ap #690-3182 Sociis Street,Medico,8,2871,Sim,21,Amarela,1
Signe Humphrey,ipsum.dolor.sit@fermentum.ca,Brazil,Santa Catarina,(53) 0000-0171,"Violet Leach,vivamus.non.lorem@euismodestarcu.ca,Brazil,Goiás,(91) 0000-7703,Ap #689-4332 A Rd.,Medico,3,2738,Nao,19,Preta,0",Tecnico Em Radiologia,6,2792,Nao,38,Parda,0
Colt Casey,arcu.vivamus@ligulaaeneangravida.co.uk,Brazil,Paraná,(83) 0000-6187,Ap #314-1234 Nisi. Av.,Tecnico Enfermagem,5,2995,Sim,20,Parda,1
Carl Shelton,sed.id.risus@sedmalesuada.org,Brazil,Ceará,(76) 0000-8868,"Violet Leach,vivamus.non.lorem@euismodestarcu.ca,Brazil,Goiás,(91) 0000-7703,Ap #689-4332 A Rd.,Medico,3,2738,Nao,19,Preta,0",Coordenador de Enfermagem,3,2179,Sim,40,Amarela,0
Kyra Brown,nunc.interdum@primisin.co.uk,Brazil,Rio de Janeiro,(74) 0000-0335,3170 Iaculis St.,Tecnico Enfermagem,8,2048,Sim,28,Branca,1
Jorden Gallegos,nisi.a.odio@tellussuspendissesed.org,Brazil,Maranhão,(16) 0000-2154,"Violet Leach,vivamus.non.lorem@euismodestarcu.ca,Brazil,Goiás,(91) 0000-7703,Ap #689-4332 A Rd.,Medico,3,2738,Nao,19,Preta,0",Farmaceutico,8,2278,Sim,21,Indígena,1
Anastasia May,fermentum@nuncpulvinar.com,Brazil,São Paulo,(24) 0000-6476,722-6890 Pede. St.,Farmaceutico,7,2285,Nao,19,Parda,0
Chiquita Chan,fusce.aliquet@ipsumsodales.co.uk,Brazil,Paraná,(77) 0000-5871,879-9833 Enim. Rd.,Auxiliar de Enfermagem,8,2754,Sim,32,Branca,0
Nita Saunders,pharetra.nam@maurisvestibulum.edu,Brazil,Pernambuco,(33) 0000-3878,Ap #488-1875 Interdum Rd.,Medico,6,2252,Sim,35,Branca,1
Orla Frank,a.purus@integervulputate.ca,Brazil,São Paulo,(87) 0000-6751,"Violet Leach,vivamus.non.lorem@euismodestarcu.ca,Brazil,Goiás,(91) 0000-7703,Ap #689-4332 A Rd.,Medico,3,2738,Nao,19,Preta,0",Enfermeiro Obstreta,10,2359,Nao,44,Amarela,1
Chastity Hahn,magna.tellus@eu.ca,Brazil,Rio de Janeiro,(67) 0000-4727,Ap #571-8176 Erat Rd.,Tecnico Em Radiologia,1,2355,Nao,43,Branca,1
Montana Mills,aliquam.nec@phasellusat.org,Brazil,Rio Grande do Sul,(26) 0000-5851,Ap #577-7746 Risus. Rd.,Coordenador de Enfermagem,8,2060,Sim,35,Indígena,0
Tara Molina,consequat.lectus@faucibusorci.ca,Brazil,Bahia,(35) 0000-6285,Ap #360-1671 Maecenas Street,Tecnico Em Radiologia,6,2306,Sim,46,Parda,1
Jared Weiss,ultricies.dignissim.lacus@aliquamtinciduntnunc.com,Brazil,São Paulo,(12) 0000-2615,103-9356 Sollicitudin St.,Enfermeiro Plantonista,3,2369,Sim,24,Indígena,1
Herrod Wooten,aenean.eget@euplacerateget.ca,Brazil,Pará,(65) 0000-6281,321-9505 Cursus. Ave,Enfermeiro Obstreta,10,2288,Sim,26,Amarela,0
Macon Zimmerman,nulla.tempor@magnaut.net,Brazil,São Paulo,(57) 0000-7812,123-5125 Aliquam Road,Medico,8,2090,Nao,31,Parda,0
Venus Pitts,mollis.non@phaselluslibero.net,Brazil,Ceará,(82) 0000-2065,"Violet Leach,vivamus.non.lorem@euismodestarcu.ca,Brazil,Goiás,(91) 0000-7703,Ap #689-4332 A Rd.,Medico,3,2738,Nao,19,Preta,0",Enfermeiro Plantonista,1,2079,Sim,29,Preta,1
Ciara Short,sociosqu.ad@sitamet.edu,Brazil,Goiás,(46) 0000-1646,265-1159 Urna Street,Cirurgiao,3,2926,Nao,21,Branca,1
Phoebe Grant,eget.lacus@phasellusat.co.uk,Brazil,Paraíba,(21) 0000-1679,"Violet Leach,vivamus.non.lorem@euismodestarcu.ca,Brazil,Goiás,(91) 0000-7703,Ap #689-4332 A Rd.,Medico,3,2738,Nao,19,Preta,0",Cirurgiao,5,2947,Nao,41,Preta,1
Xavier Fletcher,risus.odio@urnajusto.net,Brazil,São Paulo,(58) 0000-6209,9529 Ridiculus Ave,Tecnico Enfermagem,5,2375,Nao,36,Branca,1
Sybil Dennis,auctor.odio.a@vivamussitamet.org,Brazil,Bahia,(27) 0000-4453,6937 Tempus St.,Enfermeiro Plantonista,8,2096,Sim,19,Indígena,0
Marny Carney,arcu.et.pede@utsem.edu,Brazil,Paraná,(68) 0000-2474,543-6220 Tristique Rd.,Tecnico Enfermagem,2,2956,Sim,48,Parda,0
Teagan Reid,aenean.euismod.mauris@luctuscurabitur.com,Brazil,Goiás,(57) 0000-8695,"Violet Leach,vivamus.non.lorem@euismodestarcu.ca,Brazil,Goiás,(91) 0000-7703,Ap #689-4332 A Rd.,Medico,3,2738,Nao,19,Preta,0",Medico,8,2884,Nao,43,Amarela,0
Rooney Dejesus,sed@luctuslobortisclass.edu,Brazil,Paraná,(69) 0000-4117,388-6740 Metus St.,Enfermeiro Obstreta,10,2124,Sim,31,Parda,1
Brock Bowman,risus.donec.egestas@luctuslobortis.com,Brazil,Santa Catarina,(97) 0000-8501,6043 Tincidunt Road,Enfermeiro Chefe,3,2331,Sim,38,Amarela,1
Gay Salinas,eleifend@duisuspendisse.com,Brazil,São Paulo,(31) 0000-4854,Ap #832-9093 Pellentesque Rd.,Farmaceutico,7,2450,Sim,48,Branca,0
Sasha Key,arcu.sed@integerurnavivamus.net,Brazil,Goiás,(36) 0000-8656,"Violet Leach,vivamus.non.lorem@euismodestarcu.ca,Brazil,Goiás,(91) 0000-7703,Ap #689-4332 A Rd.,Medico,3,2738,Nao,19,Preta,0",Coordenador de Enfermagem,1,2577,Nao,33,Indígena,1
Kalia Terry,ligula.aenean@massalobortis.edu,Brazil,São Paulo,(57) 0000-8767,Ap #378-1669 Quis Rd.,Gerente de Enfermagem,4,2597,Sim,29,Branca,0
Brody Hinton,vivamus@necimperdiet.org,Brazil,Rio Grande do Sul,(28) 0000-8248,Ap #905-2276 Pulvinar Street,Enfermeiro Obstreta,8,2586,Sim,28,Amarela,1
Rhonda Randall,dui@cursusa.edu,Brazil,Goiás,(48) 0000-7365,282-8146 Dolor St.,Nefrologista,10,2939,Sim,32,Branca,0
Emery Branch,egestas.aliquam.nec@adipiscing.net,Brazil,Pernambuco,(28) 0000-5476,"Violet Leach,vivamus.non.lorem@euismodestarcu.ca,Brazil,Goiás,(91) 0000-7703,Ap #689-4332 A Rd.,Medico,3,2738,Nao,19,Preta,0",Auxiliar de Enfermagem,7,2838,Nao,23,Preta,0
Wesley Merrill,ligula.eu@luctuslobortisclass.org,Brazil,Goiás,(47) 0000-6736,Ap #447-9740 Congue Av.,Farmaceutico,9,2496,Nao,28,Branca,0
Erasmus Galloway,scelerisque.mollis@nisi.org,Brazil,Minas Gerais,(35) 0000-2707,Ap #576-2556 Varius Avenue,Enfermeiro Chefe,6,2394,Nao,49,Preta,0
Zahir Horton,egestas.ligula.nullam@gravida.org,Brazil,Goiás,(76) 0000-7427,8460 Arcu St.,Tecnico Enfermagem,2,2522,Sim,40,Branca,1
Davis Mckinney,purus.accumsan.interdum@luctusipsum.com,Brazil,Pernambuco,(66) 0000-1897,Ap #646-6607 Sit Rd.,Farmaceutico,7,2956,Sim,35,Parda,0
Erich Good,elit.pede.malesuada@duiquis.ca,Brazil,Ceará,(47) 0000-1737,"Mufutau Dale,tristique.pharetra@etnunc.org,Brazil,Minas Gerais,(41) 0000-4422,532-2916 Sit Rd.,Gerente de Enfermagem,5,2234,Nao,23,Amarela,1",Enfermeiro Obstreta,8,2431,Sim,37,Amarela,1
Tatiana Cleveland,sit.amet@ornare.com,Brazil,Rio de Janeiro,(26) 0000-6932,914-3352 Lobortis Av.,Fisioterapeuta Geral,6,2699,Sim,42,Branca,1
Kylan Boone,ultrices.iaculis.odio@aliquamarcu.ca,Brazil,Bahia,(73) 0000-5372,Ap #840-1446 Ullamcorper Rd.,Enfermeiro UTI,6,2059,Nao,23,Parda,1
Mufutau Dale,tristique.pharetra@etnunc.org,Brazil,Minas Gerais,(41) 0000-4422,532-2916 Sit Rd.,Gerente de Enfermagem,5,2234,Nao,23,Amarela,1
Dillon Snider,auctor.mauris@velfaucibus.com,Brazil,Paraíba,(18) 0000-5988,Ap #614-2827 Id Av.,Coordenador de Enfermagem,6,2606,Nao,28,Indígena,0
Judith Valentine,purus@fuscealiquamenim.org,Brazil,Rio de Janeiro,(75) 0000-5784,Ap #573-6279 Arcu Road,Farmaceutico,5,2109,Sim,18,Parda,0
Paul Washington,aliquet.proin@purusactellus.net,Brazil,Santa Catarina,(46) 0000-0865,"Mufutau Dale,tristique.pharetra@etnunc.org,Brazil,Minas Gerais,(41) 0000-4422,532-2916 Sit Rd.,Gerente de Enfermagem,5,2234,Nao,23,Amarela,1",Enfermeiro Plantonista,7,2547,Nao,20,Branca,0
Bradley Mcgowan,sit.amet@eu.co.uk,Brazil,Ceará,(27) 0000-5802,2426 Dolor. Avenue,Nefrologista,1,2004,Sim,48,Amarela,1
Brennan Patrick,proin.ultrices@mollislectus.co.uk,Brazil,São Paulo,(18) 0000-3309,"Mufutau Dale,tristique.pharetra@etnunc.org,Brazil,Minas Gerais,(41) 0000-4422,532-2916 Sit Rd.,Gerente de Enfermagem,5,2234,Nao,23,Amarela,1",Tecnico Enfermagem,7,2319,Nao,35,Preta,0
Risa Gillespie,aliquet.metus.urna@donec.org,Brazil,Rio Grande do Sul,(21) 0000-6261,"Mufutau Dale,tristique.pharetra@etnunc.org,Brazil,Minas Gerais,(41) 0000-4422,532-2916 Sit Rd.,Gerente de Enfermagem,5,2234,Nao,23,Amarela,1",Auxiliar de Enfermagem,2,2322,Sim,38,Indígena,0
Octavia Alford,consequat.nec@pede.ca,Brazil,Maranhão,(82) 0000-6781,4527 Natoque Rd.,Cirurgiao,8,2168,Sim,43,Indígena,1
Russell Deleon,quis@phaselluslibero.org,Brazil,Paraíba,(23) 0000-2933,Ap #688-3613 Risus. St.,Enfermeiro Plantonista,8,2318,Sim,36,Amarela,1
Eliana Francis,donec.porttitor.tellus@feugiatlorem.com,Brazil,Bahia,(63) 0000-1937,Ap #596-5403 Dictum St.,Enfermeiro Plantonista,1,2132,Sim,44,Parda,1
Alfonso Perkins,nibh.phasellus@urnaconvallis.co.uk,Brazil,Paraíba,(31) 0000-8633,"Mufutau Dale,tristique.pharetra@etnunc.org,Brazil,Minas Gerais,(41) 0000-4422,532-2916 Sit Rd.,Gerente de Enfermagem,5,2234,Nao,23,Amarela,1",Fisioterapeuta Geral,8,2167,Sim,26,Parda,0
Timon Beach,cras.dictum@eteuismod.com,Brazil,Santa Catarina,(72) 0000-1481,915-2945 Quisque St.,Farmaceutico,4,2607,Nao,43,Preta,1
Declan Miranda,tempor.est@nunc.com,Brazil,Rio de Janeiro,(80) 0000-5136,471-5388 Mauris Avenue,Medico,5,2538,Nao,21,Branca,1
Coby Reid,vitae.semper@purussapien.net,Brazil,São Paulo,(85) 0000-5064,836-6830 Scelerisque St.,Tecnico Em Radiologia,3,2072,Nao,20,Indígena,0
Griffith Fletcher,vel.turpis@mollis.edu,Brazil,Rio de Janeiro,(79) 0000-8682,728-1122 Quis Road,Tecnico Em Radiologia,8,2674,Sim,45,Amarela,0
Robert Alexander,tristique.aliquet.phasellus@rutrumjusto.ca,Brazil,São Paulo,(91) 0000-5843,"Mufutau Dale,tristique.pharetra@etnunc.org,Brazil,Minas Gerais,(41) 0000-4422,532-2916 Sit Rd.,Gerente de Enfermagem,5,2234,Nao,23,Amarela,1",Enfermeiro Plantonista,2,2550,Nao,25,Indígena,1
Darryl Sanford,a.felis.ullamcorper@venenatislacus.edu,Brazil,Rio Grande do Sul,(44) 0000-4556,Ap #857-5951 Nullam St.,Gerente de Enfermagem,5,2794,Nao,45,Parda,1
Vaughan Oliver,scelerisque.dui.suspendisse@non.edu,Brazil,Rio Grande do Sul,(15) 0000-3259,197-601 Condimentum Street,Enfermeiro Plantonista,7,2945,Sim,47,Parda,0
Joel Velez,lacus.cras@risusquis.ca,Brazil,Minas Gerais,(54) 0000-0275,Ap #829-764 Sem Street,Auxiliar de Enfermagem,8,2759,Nao,24,Preta,1
Vivian Hudson,placerat@etultrices.ca,Brazil,São Paulo,(92) 0000-3473,Ap #970-365 Elit Avenue,Enfermeiro Obstreta,5,2878,Sim,26,Preta,1
Chaim Phelps,non.feugiat.nec@hymenaeos.net,Brazil,Ceará,(20) 0000-7703,Ap #441-4071 Tincidunt Ave,Farmaceutico,8,2436,Sim,32,Indígena,0
Desiree Vincent,pharetra.nam.ac@nequeet.co.uk,Brazil,Maranhão,(28) 0000-0494,"Mufutau Dale,tristique.pharetra@etnunc.org,Brazil,Minas Gerais,(41) 0000-4422,532-2916 Sit Rd.,Gerente de Enfermagem,5,2234,Nao,23,Amarela,1",Gerente de Enfermagem,3,2535,Nao,29,Preta,0
Declan Gilbert,interdum.nunc.sollicitudin@lorem.net,Brazil,Bahia,(42) 0000-4701,"Mufutau Dale,tristique.pharetra@etnunc.org,Brazil,Minas Gerais,(41) 0000-4422,532-2916 Sit Rd.,Gerente de Enfermagem,5,2234,Nao,23,Amarela,1",Farmaceutico,6,2023,Sim,19,Parda,1
Jada Bryan,vel.est.tempor@curabiturconsequatlectus.co.uk,Brazil,Goiás,(05) 0000-6284,"Mufutau Dale,tristique.pharetra@etnunc.org,Brazil,Minas Gerais,(41) 0000-4422,532-2916 Sit Rd.,Gerente de Enfermagem,5,2234,Nao,23,Amarela,1",Enfermeiro UTI,4,2563,Nao,34,Preta,1
Cheyenne Duffy,magnis.dis@egetodio.org,Brazil,Pará,(01) 0000-3560,"Mufutau Dale,tristique.pharetra@etnunc.org,Brazil,Minas Gerais,(41) 0000-4422,532-2916 Sit Rd.,Gerente de Enfermagem,5,2234,Nao,23,Amarela,1",Nefrologista,5,2696,Nao,50,Preta,1
Kimberley Johnston,gravida.non@faucibusmorbivehicula.net,Brazil,Paraná,(45) 0000-8752,Ap #155-2382 Neque. Avenue,Farmaceutico,1,2294,Sim,21,Parda,0
Lewis Blevins,non@proinnon.ca,Brazil,Rio de Janeiro,(34) 0000-5298,413-3255 Ultrices St.,Farmaceutico,9,2914,Sim,25,Parda,0
Adele King,in.consectetuer.ipsum@tristiquenequevenenatis.org,Brazil,São Paulo,(72) 0000-5842,460-6190 Consequat Street,Enfermeiro Chefe,2,2034,Nao,23,Preta,1
Cora Erickson,luctus.aliquet.odio@variusorci.ca,Brazil,Bahia,(42) 0000-3201,Ap #147-8126 Vehicula Rd.,Tecnico Em Radiologia,8,2870,Nao,21,Amarela,1
Rina Coleman,eu.placerat.eget@liberointeger.com,Brazil,Paraíba,(32) 0000-6545,Ap #309-5369 Ridiculus Rd.,Enfermeiro UTI,6,2669,Nao,47,Indígena,0
Chelsea Knight,et.magnis.dis@molestie.co.uk,Brazil,Pernambuco,(75) 0000-8278,728-2607 Aenean Avenue,Enfermeiro Plantonista,6,2622,Nao,47,Amarela,0
Buckminster Garcia,nisi.a@tempusrisus.edu,Brazil,Minas Gerais,(81) 0000-5387,299-1886 Integer Street,Enfermeiro Obstreta,1,2466,Sim,43,Branca,0
Basil Huber,dolor@utquamvel.ca,Brazil,Bahia,(52) 0000-8732,4823 Dictum. St.,Fisioterapeuta Geral,6,2023,Nao,27,Parda,1
Ina Ferguson,morbi.vehicula@estvitae.org,Brazil,Goiás,(25) 0000-2587,9414 Cras Ave,Enfermeiro Chefe,6,2960,Sim,49,Parda,0
Calvin Ortega,et.rutrum@non.co.uk,Brazil,Pará,(50) 0000-1684,"Mufutau Dale,tristique.pharetra@etnunc.org,Brazil,Minas Gerais,(41) 0000-4422,532-2916 Sit Rd.,Gerente de Enfermagem,5,2234,Nao,23,Amarela,1",Tecnico Em Radiologia,2,2046,Sim,19,Indígena,0
Hop Meadows,orci@purusac.ca,Brazil,Rio Grande do Sul,(83) 0000-1234,"Mufutau Dale,tristique.pharetra@etnunc.org,Brazil,Minas Gerais,(41) 0000-4422,532-2916 Sit Rd.,Gerente de Enfermagem,5,2234,Nao,23,Amarela,1",Nefrologista,4,2864,Nao,24,Preta,1
Henry Petty,donec.est@volutpatnulla.co.uk,Brazil,Santa Catarina,(88) 0000-7766,"Mufutau Dale,tristique.pharetra@etnunc.org,Brazil,Minas Gerais,(41) 0000-4422,532-2916 Sit Rd.,Gerente de Enfermagem,5,2234,Nao,23,Amarela,1",Tecnico Enfermagem,10,2074,Nao,25,Amarela,1
Eugenia Acosta,nec@magnis.net,Brazil,Rio de Janeiro,(48) 0000-9833,Ap #735-7286 Sed St.,Auxiliar de Enfermagem,8,2248,Nao,45,Amarela,1
Drew Goodwin,odio@mattis.co.uk,Brazil,Paraná,(88) 0000-6708,2156 Fermentum Street,Auxiliar de Enfermagem,9,2551,Sim,43,Branca,0
Inga Talley,a.auctor@erateget.net,Brazil,São Paulo,(65) 0000-5475,Ap #198-2654 Congue Street,Coordenador de Enfermagem,6,2873,Nao,28,Parda,1
Zeus Mullen,cursus.diam@loremsit.edu,Brazil,Bahia,(61) 0000-6596,614-2657 Donec Rd.,Auxiliar de Enfermagem,7,2086,Sim,39,Amarela,0
Barrett Yates,diam.eu@afacilisis.net,Brazil,Paraná,(96) 0000-4562,8807 Tempus St.,Coordenador de Enfermagem,9,2298,Nao,43,Preta,1
Hyacinth Orr,proin.mi@pedesuspendisse.com,Brazil,Paraná,(02) 0000-5336,"Mufutau Dale,tristique.pharetra@etnunc.org,Brazil,Minas Gerais,(41) 0000-4422,532-2916 Sit Rd.,Gerente de Enfermagem,5,2234,Nao,23,Amarela,1",Gerente de Enfermagem,5,2358,Nao,35,Amarela,1
Freya Yang,fermentum.convallis@netusetmalesuada.co.uk,Brazil,Ceará,(14) 0000-1463,853-1486 Dictum Road,Coordenador de Enfermagem,6,2323,Nao,20,Preta,0
Orson Mclaughlin,aliquam.nec.enim@quama.ca,Brazil,Goiás,(29) 0000-0643,"Mufutau Dale,tristique.pharetra@etnunc.org,Brazil,Minas Gerais,(41) 0000-4422,532-2916 Sit Rd.,Gerente de Enfermagem,5,2234,Nao,23,Amarela,1",Coordenador de Enfermagem,8,2464,Sim,30,Parda,1
Gillian Barrera,aliquam.vulputate@inmolestietortor.edu,Brazil,Rio de Janeiro,(50) 0000-6664,Ap #700-4941 Etiam Ave,Cirurgiao,2,2603,Nao,48,Preta,0
Gabriel Morales,est@dolorfusce.com,Brazil,Rio de Janeiro,(16) 0000-7824,7783 Integer Av.,Nefrologista,5,2725,Sim,42,Parda,0
Juliet Davis,ullamcorper.eu.euismod@nibhquisquenonummy.ca,Brazil,Pernambuco,(43) 0000-7730,441-790 Vel Av.,Cirurgiao,9,2698,Sim,20,Amarela,1
Colin Jensen,malesuada.id@maecenasmi.edu,Brazil,Maranhão,(58) 0000-8358,2349 Consectetuer Rd.,Enfermeiro Obstreta,1,2363,Nao,46,Amarela,1
Jordan Cash,augue.porttitor.interdum@maurismorbinon.co.uk,Brazil,Bahia,(50) 0000-4878,Ap #115-6400 Aenean Av.,Gerente de Enfermagem,9,2289,Sim,44,Indígena,0
Astra Cox,integer@cursusluctusipsum.org,Brazil,Ceará,(48) 0000-5341,Ap #761-5061 Nulla. Avenue,Auxiliar de Enfermagem,3,2300,Nao,24,Parda,1
Drew Hanson,rutrum@loremeget.edu,Brazil,Rio de Janeiro,(92) 0000-5466,Ap #726-7581 Erat Av.,Nefrologista,1,2516,Sim,20,Indígena,1
Ivor Johnson,dictum.phasellus@proinvel.com,Brazil,Rio Grande do Sul,(48) 0000-5356,Ap #948-7802 Dictum Road,Tecnico Enfermagem,8,2952,Nao,22,Amarela,1
Forrest Espinoza,sed.auctor@ornaretortor.org,Brazil,Paraná,(85) 0000-3586,Ap #932-9219 Auctor. St.,Tecnico Enfermagem,3,2729,Sim,44,Amarela,1
Calista Bernard,proin.mi.aliquam@tincidunt.co.uk,Brazil,Maranhão,(64) 0000-4788,Ap #561-5812 Odio Road,Coordenador de Enfermagem,9,2756,Sim,41,Branca,0
Thane Clayton,integer.tincidunt.aliquam@pharetra.org,Brazil,Goiás,(97) 0000-2712,745-1459 Hendrerit Street,Enfermeiro Chefe,1,2866,Nao,41,Indígena,1
Venus Buchanan,et@diamvel.ca,Brazil,Santa Catarina,(37) 0000-4311,"Astra Cox,integer@cursusluctusipsum.org,Brazil,Ceará,(48) 0000-5341,Ap #761-5061 Nulla. Avenue,Auxiliar de Enfermagem,3,2300,Nao,24,Parda,1",Medico,8,2358,Nao,37,Preta,0
Leah Casey,lorem.ipsum@adipiscing.co.uk,Brazil,Paraíba,(34) 0000-1168,621-6662 Risus. Rd.,Fisioterapeuta Geral,5,2561,Nao,27,Indígena,1
Bradley Cox,enim.commodo.hendrerit@vivamus.com,Brazil,Santa Catarina,(81) 0000-1317,Ap #553-1967 Vivamus Av.,Fisioterapeuta Geral,3,2469,Nao,22,Indígena,0
Oren Clemons,varius.et@maurisut.net,Brazil,Pernambuco,(23) 0000-4830,6106 Libero Avenue,Auxiliar de Enfermagem,2,2028,Sim,22,Amarela,0
Harriet Walsh,dictum.eu.eleifend@fermentumarcu.org,Brazil,Ceará,(04) 0000-4296,5673 Neque. Rd.,Nefrologista,8,2431,Sim,42,Indígena,1
Kiara Navarro,amet.risus@hendrerit.com,Brazil,Santa Catarina,(55) 0000-0551,"Astra Cox,integer@cursusluctusipsum.org,Brazil,Ceará,(48) 0000-5341,Ap #761-5061 Nulla. Avenue,Auxiliar de Enfermagem,3,2300,Nao,24,Parda,1",Coordenador de Enfermagem,10,2990,Sim,50,Parda,1
Urielle Prince,lectus.rutrum@massavestibulum.org,Brazil,Minas Gerais,(86) 0000-2640,532-7219 Amet Street,Gerente de Enfermagem,3,2523,Nao,20,Parda,0
Orli Trujillo,luctus.vulputate@justo.ca,Brazil,Maranhão,(36) 0000-1378,Ap #554-1143 Libero. St.,Cirurgiao,3,2946,Nao,35,Indígena,0
Rinah Bryant,aliquet@maurisinteger.edu,Brazil,São Paulo,(43) 0000-0827,"Astra Cox,integer@cursusluctusipsum.org,Brazil,Ceará,(48) 0000-5341,Ap #761-5061 Nulla. Avenue,Auxiliar de Enfermagem,3,2300,Nao,24,Parda,1",Tecnico Em Radiologia,5,2454,Nao,25,Amarela,0
Micah Blanchard,mattis.semper.dui@tortornibh.ca,Brazil,Pernambuco,(85) 0000-3025,2976 Condimentum. Ave,Coordenador de Enfermagem,8,2601,Sim,35,Amarela,1
Baker Gilmore,nec@varius.ca,Brazil,Rio Grande do Sul,(14) 0000-1786,Ap #440-1653 Ante. Road,Enfermeiro Plantonista,2,2767,Sim,31,Amarela,0
Rebecca Barber,ante.ipsum.primis@atarcuvestibulum.net,Brazil,Ceará,(68) 0000-3304,276-6133 Justo Avenue,Enfermeiro UTI,8,2311,Nao,27,Amarela,0
Summer Dean,sit.amet@eu.net,Brazil,Santa Catarina,(58) 0000-0731,2143 Mi. Road,Enfermeiro Plantonista,6,2192,Sim,35,Indígena,0
Samantha Manning,urna.nullam@justoproin.edu,Brazil,Pernambuco,(90) 0000-2735,7945 Non Road,Coordenador de Enfermagem,7,2823,Sim,24,Parda,1
Griffin Castillo,erat.vivamus@purusactellus.edu,Brazil,Santa Catarina,(87) 0000-6475,290-716 Nullam St.,Fisioterapeuta Geral,2,2722,Sim,25,Preta,0
Nasim Warner,quisque.purus@ettristique.ca,Brazil,Ceará,(53) 0000-6754,582-3614 Molestie. Rd.,Enfermeiro Chefe,10,2459,Nao,49,Indígena,1
Margaret Bernard,nam.interdum@tortorintegeraliquam.org,Brazil,Rio de Janeiro,(53) 0000-6517,"Astra Cox,integer@cursusluctusipsum.org,Brazil,Ceará,(48) 0000-5341,Ap #761-5061 Nulla. Avenue,Auxiliar de Enfermagem,3,2300,Nao,24,Parda,1",Gerente de Enfermagem,5,2573,Sim,25,Amarela,0
Tana Kim,urna@donecnibhenim.edu,Brazil,Bahia,(34) 0000-6810,Ap #698-3120 Lobortis Road,Enfermeiro Obstreta,4,2968,Nao,41,Branca,0
Dante Noble,a.felis@vitaealiquet.edu,Brazil,Paraíba,(85) 0000-4218,6203 Sit Av.,Cirurgiao,6,2826,Sim,27,Preta,1
Cole Hopper,molestie.orci.tincidunt@dictumplacerat.net,Brazil,Pará,(11) 0000-4324,395-7110 Interdum Av.,Enfermeiro Obstreta,8,2014,Sim,29,Indígena,1
Janna Mann,donec.nibh.quisque@diam.com,Brazil,Rio Grande do Sul,(67) 0000-6778,367-4492 Metus. Rd.,Enfermeiro UTI,6,2735,Sim,29,Preta,0
Nathan Emerson,quisque.purus.sapien@aliquameros.net,Brazil,Maranhão,(25) 0000-2281,399-846 Vitae Ave,Enfermeiro UTI,4,2241,Sim,26,Amarela,1
Nora Johnston,a.purus@tempuslorem.edu,Brazil,Rio de Janeiro,(32) 0000-9149,Ap #309-6628 Eros St.,Nefrologista,8,2668,Nao,41,Branca,1
Maris Doyle,turpis@nisinibh.com,Brazil,Pernambuco,(12) 0000-4488,7882 Tincidunt Street,Cirurgiao,6,2080,Nao,22,Preta,0
Alika Edwards,aliquam.enim.nec@nullavulputatedui.ca,Brazil,Minas Gerais,(21) 0000-3566,"Astra Cox,integer@cursusluctusipsum.org,Brazil,Ceará,(48) 0000-5341,Ap #761-5061 Nulla. Avenue,Auxiliar de Enfermagem,3,2300,Nao,24,Parda,1",Enfermeiro UTI,10,2318,Nao,37,Amarela,0
Ashton Finley,ut.quam@dui.co.uk,Brazil,Minas Gerais,(15) 0000-9153,811-6111 Faucibus Road,Enfermeiro Chefe,10,2950,Nao,41,Indígena,1
Thaddeus Rivas,duis.a@convallisin.ca,Brazil,Maranhão,(33) 0000-1787,"Astra Cox,integer@cursusluctusipsum.org,Brazil,Ceará,(48) 0000-5341,Ap #761-5061 Nulla. Avenue,Auxiliar de Enfermagem,3,2300,Nao,24,Parda,1",Tecnico Em Radiologia,6,2138,Sim,43,Amarela,0
Fiona Gaines,aliquam@ligulaaenean.edu,Brazil,Paraná,(39) 0000-4816,"Astra Cox,integer@cursusluctusipsum.org,Brazil,Ceará,(48) 0000-5341,Ap #761-5061 Nulla. Avenue,Auxiliar de Enfermagem,3,2300,Nao,24,Parda,1",Enfermeiro UTI,6,2482,Nao,42,Preta,1
Travis Hooper,mauris.nulla@ultrices.ca,Brazil,Rio Grande do Sul,(79) 0000-2572,434-2422 Nunc Rd.,Enfermeiro UTI,5,2124,Sim,29,Branca,0
Adena Lane,facilisis.non@dapibusid.com,Brazil,Pernambuco,(25) 0000-5756,Ap #985-5943 Felis St.,Tecnico Em Radiologia,1,2010,Sim,34,Parda,1
Lani Hansen,imperdiet.ornare@etnetuset.com,Brazil,Paraná,(23) 0000-2295,Ap #683-1538 Nulla St.,Cirurgiao,3,2199,Sim,25,Preta,0
Kevyn Pittman,lorem.vitae.odio@posuerecubiliacurae.ca,Brazil,Santa Catarina,(65) 0000-6750,6685 Malesuada Street,Tecnico Em Radiologia,5,2970,Sim,46,Amarela,0
Thane Lynch,mauris.quis@nequeseddictum.org,Brazil,Santa Catarina,(75) 0000-1877,333-9904 Odio St.,Auxiliar de Enfermagem,8,2441,Sim,43,Branca,1
Gary Chen,torquent@egestasaliquam.com,Brazil,Paraíba,(86) 0000-7654,694-7575 Elit Rd.,Enfermeiro Chefe,8,2239,Sim,49,Amarela,1
Rigel Clarke,volutpat@parturientmontes.ca,Brazil,Ceará,(07) 0000-0012,480-295 Arcu. Road,Medico,10,2509,Sim,34,Indígena,1
Alec Lowery,accumsan@aliquetmolestie.co.uk,Brazil,Pará,(68) 0000-8012,Ap #292-7094 Interdum St.,Enfermeiro Obstreta,2,2390,Nao,23,Preta,1
Teagan Chan,tempor@mauris.co.uk,Brazil,Pará,(18) 0000-2112,"Astra Cox,integer@cursusluctusipsum.org,Brazil,Ceará,(48) 0000-5341,Ap #761-5061 Nulla. Avenue,Auxiliar de Enfermagem,3,2300,Nao,24,Parda,1",Medico,8,2526,Nao,24,Indígena,1
Amery Tyson,suspendisse.dui.fusce@sit.ca,Brazil,São Paulo,(69) 0000-2045,Ap #193-1380 Sed Avenue,Fisioterapeuta Geral,9,2002,Nao,49,Branca,1
Amal Baxter,consectetuer.adipiscing.elit@etmalesuada.ca,Brazil,Ceará,(88) 0000-8656,2812 Scelerisque St.,Enfermeiro UTI,8,2766,Nao,34,Parda,0
Aidan Peters,scelerisque.lorem@eleifendnunc.net,Brazil,Rio Grande do Sul,(56) 0000-7767,5296 Magna. Av.,Cirurgiao,7,2749,Sim,30,Branca,1
Leonard Franco,et.netus.et@nulla.net,Brazil,Minas Gerais,(77) 0000-5011,"Tamekah Cherry,dolor.nulla.semper@proinvelitsed.edu,Brazil,Goiás,(82) 0000-6254,P.O. Box 867, 215 Orci Street,Enfermeiro UTI,1,2132,Nao,40,Indígena,0",Enfermeiro Chefe,7,2728,Nao,36,Amarela,1
Alma Miller,blandit.viverra@sempellentesque.co.uk,Brazil,Pará,(44) 0000-3618,Ap #390-5930 Eu St.,Fisioterapeuta Geral,9,2947,Nao,42,Indígena,0
Octavia Colon,venenatis.lacus.etiam@quisque.org,Brazil,Ceará,(61) 0000-1414,8092 Dictum Road,Cirurgiao,5,2861,Nao,24,Parda,0
Jasper Conway,dui.fusce.diam@tinciduntcongueturpis.org,Brazil,São Paulo,(28) 0000-6388,Ap #482-6865 Phasellus Ave,Enfermeiro Obstreta,4,2845,Sim,19,Preta,0
Tamekah Cherry,dolor.nulla.semper@proinvelitsed.edu,Brazil,Goiás,(82) 0000-6254,"Tamekah Cherry,dolor.nulla.semper@proinvelitsed.edu,Brazil,Goiás,(82) 0000-6254,P.O. Box 867, 215 Orci Street,Enfermeiro UTI,1,2132,Nao,40,Indígena,0",Enfermeiro UTI,1,2132,Nao,40,Indígena,0
Lyle Camacho,metus.urna@orciluctuset.edu,Brazil,Paraíba,(56) 0000-1822,113-7731 Bibendum Av.,Tecnico Em Radiologia,4,2435,Nao,39,Indígena,1
Emma Copeland,egestas.blandit@elita.edu,Brazil,Maranhão,(42) 0000-2335,748-7859 Ridiculus Road,Cirurgiao,7,2023,Nao,24,Amarela,0
Nora Hood,nec.imperdiet@ultricesmauris.edu,Brazil,Bahia,(11) 0000-8843,"Tamekah Cherry,dolor.nulla.semper@proinvelitsed.edu,Brazil,Goiás,(82) 0000-6254,P.O. Box 867, 215 Orci Street,Enfermeiro UTI,1,2132,Nao,40,Indígena,0",Enfermeiro Plantonista,10,2207,Sim,23,Preta,1
Tad Washington,sem@egestasblandit.edu,Brazil,Paraíba,(16) 0000-3113,"Tamekah Cherry,dolor.nulla.semper@proinvelitsed.edu,Brazil,Goiás,(82) 0000-6254,P.O. Box 867, 215 Orci Street,Enfermeiro UTI,1,2132,Nao,40,Indígena,0",Enfermeiro Chefe,8,2063,Nao,24,Amarela,0
Coby Battle,purus.sapien@donec.edu,Brazil,Maranhão,(45) 0000-1937,641-9922 Lobortis Avenue,Tecnico Em Radiologia,4,2106,Nao,23,Parda,1
Stacy Mcclure,sit@diamatpretium.edu,Brazil,Bahia,(81) 0000-3510,"Tamekah Cherry,dolor.nulla.semper@proinvelitsed.edu,Brazil,Goiás,(82) 0000-6254,P.O. Box 867, 215 Orci Street,Enfermeiro UTI,1,2132,Nao,40,Indígena,0",Tecnico Em Radiologia,3,2036,Sim,34,Amarela,0
Kim Mcmahon,id@aeneanegestas.net,Brazil,Rio de Janeiro,(72) 0000-8507,"Tamekah Cherry,dolor.nulla.semper@proinvelitsed.edu,Brazil,Goiás,(82) 0000-6254,P.O. Box 867, 215 Orci Street,Enfermeiro UTI,1,2132,Nao,40,Indígena,0",Enfermeiro UTI,2,2907,Nao,33,Parda,0
Carl Day,malesuada.augue@utsem.co.uk,Brazil,Pará,(38) 0000-7395,"Tamekah Cherry,dolor.nulla.semper@proinvelitsed.edu,Brazil,Goiás,(82) 0000-6254,P.O. Box 867, 215 Orci Street,Enfermeiro UTI,1,2132,Nao,40,Indígena,0",Enfermeiro Plantonista,10,2103,Nao,41,Amarela,1
Skyler Cummings,morbi.metus@lobortisrisus.ca,Brazil,Maranhão,(43) 0000-8758,868-3660 Class Street,Auxiliar de Enfermagem,9,2504,Nao,50,Amarela,0
Levi Woodard,blandit@massa.edu,Brazil,Rio de Janeiro,(81) 0000-7384,5142 Adipiscing St.,Enfermeiro Chefe,9,2789,Nao,28,Amarela,1
Wesley Battle,consequat.dolor@consectetuermauris.net,Brazil,Goiás,(69) 0000-7674,7047 Vitae St.,Tecnico Enfermagem,2,2609,Sim,27,Parda,1
Fletcher Espinoza,in@vitaerisusduis.org,Brazil,Paraíba,(27) 0000-2192,4684 Hymenaeos. Avenue,Medico,2,2426,Sim,23,Preta,0
Damon Velazquez,sit.amet@porttitortellus.com,Brazil,Ceará,(15) 0000-8457,323-4250 Dui Road,Tecnico Em Radiologia,7,2626,Sim,42,Preta,0
Lee Albert,ullamcorper.velit@sed.co.uk,Brazil,São Paulo,(83) 0000-2780,"Tamekah Cherry,dolor.nulla.semper@proinvelitsed.edu,Brazil,Goiás,(82) 0000-6254,P.O. Box 867, 215 Orci Street,Enfermeiro UTI,1,2132,Nao,40,Indígena,0",Auxiliar de Enfermagem,8,2055,Sim,37,Indígena,1
Adele England,arcu@nequeetnunc.org,Brazil,São Paulo,(43) 0000-1502,9265 Aenean Street,Gerente de Enfermagem,7,2285,Sim,26,Preta,0
Brady Hewitt,tellus@suspendissealiquetmolestie.com,Brazil,São Paulo,(13) 0000-7044,"Tamekah Cherry,dolor.nulla.semper@proinvelitsed.edu,Brazil,Goiás,(82) 0000-6254,P.O. Box 867, 215 Orci Street,Enfermeiro UTI,1,2132,Nao,40,Indígena,0",Cirurgiao,6,2266,Sim,31,Branca,0
Gretchen Armstrong,sed@acmi.org,Brazil,Bahia,(23) 0000-2475,8564 Lectus Street,Nefrologista,1,2258,Sim,41,Amarela,0
Kaye Morrow,urna@sagittisaugue.org,Brazil,Pará,(14) 0000-3264,"Tamekah Cherry,dolor.nulla.semper@proinvelitsed.edu,Brazil,Goiás,(82) 0000-6254,P.O. Box 867, 215 Orci Street,Enfermeiro UTI,1,2132,Nao,40,Indígena,0",Nefrologista,10,2662,Nao,49,Amarela,1
Levi Reed,nullam.vitae@nislsemconsequat.net,Brazil,Paraíba,(41) 0000-1804,"Tamekah Cherry,dolor.nulla.semper@proinvelitsed.edu,Brazil,Goiás,(82) 0000-6254,P.O. Box 867, 215 Orci Street,Enfermeiro UTI,1,2132,Nao,40,Indígena,0",Enfermeiro Obstreta,7,2870,Nao,24,Branca,0
Jelani Barnett,ipsum.dolor.sit@ligulaeuenim.net,Brazil,Paraíba,(54) 0000-5556,2127 Leo. Ave,Farmaceutico,6,2914,Nao,18,Indígena,1
Aphrodite Holder,dolor@fringillami.org,Brazil,Minas Gerais,(61) 0000-2973,675-8321 Bibendum Av.,Farmaceutico,1,2949,Sim,48,Parda,0
Stone Hull,tincidunt@habitantmorbitristique.com,Brazil,Pernambuco,(33) 0000-1312,363-8974 Tempus St.,Enfermeiro UTI,10,2664,Sim,23,Parda,1
Tate Bowers,natoque.penatibus@commodohendreritdonec.ca,Brazil,Minas Gerais,(96) 0000-9913,Ap #586-8050 Et Rd.,Cirurgiao,9,2481,Sim,30,Preta,1
Courtney Wiley,eu.nulla@montesnasceturridiculus.edu,Brazil,Santa Catarina,(75) 0000-3478,"Tamekah Cherry,dolor.nulla.semper@proinvelitsed.edu,Brazil,Goiás,(82) 0000-6254,P.O. Box 867, 215 Orci Street,Enfermeiro UTI,1,2132,Nao,40,Indígena,0",Cirurgiao,8,2974,Sim,43,Parda,0
Uriel Howe,mauris@scelerisque.ca,Brazil,Santa Catarina,(83) 0000-3317,389-3157 Urna St.,Enfermeiro Plantonista,3,2304,Sim,27,Indígena,1
Adena Mann,nunc.sed@duiscursusdiam.ca,Brazil,São Paulo,(22) 0000-2635,4891 Morbi Av.,Cirurgiao,2,2364,Nao,24,Preta,0
Harlan Clemons,turpis.in@massaintegervitae.co.uk,Brazil,Bahia,(85) 0000-1712,272-9707 Nullam Road,Tecnico Enfermagem,1,2576,Nao,33,Amarela,1
Lillith Norton,convallis.dolor@integer.ca,Brazil,Paraíba,(45) 0000-0856,Ap #400-3648 Nunc. Street,Enfermeiro Obstreta,8,2502,Nao,36,Branca,0
Nerea Melendez,eget.tincidunt.dui@enimnislelementum.net,Brazil,Paraná,(42) 0000-5139,Ap #938-9387 Luctus St.,Medico,3,2575,Nao,28,Branca,0
Xanthus Velazquez,vitae.sodales@magnisdis.edu,Brazil,Pernambuco,(47) 0000-2175,133-604 Praesent Av.,Fisioterapeuta Geral,4,2737,Sim,29,Amarela,0
Harlan Callahan,eu.placerat.eget@donecluctusaliquet.com,Brazil,Pernambuco,(67) 0000-9464,"Tamekah Cherry,dolor.nulla.semper@proinvelitsed.edu,Brazil,Goiás,(82) 0000-6254,P.O. Box 867, 215 Orci Street,Enfermeiro UTI,1,2132,Nao,40,Indígena,0",Enfermeiro UTI,4,2787,Sim,38,Amarela,0
Dorothy Kidd,etiam@placerategetvenenatis.org,Brazil,Pará,(75) 0000-4690,"Tamekah Cherry,dolor.nulla.semper@proinvelitsed.edu,Brazil,Goiás,(82) 0000-6254,P.O. Box 867, 215 Orci Street,Enfermeiro UTI,1,2132,Nao,40,Indígena,0",Enfermeiro Chefe,9,2673,Nao,32,Indígena,0
Rina Abbott,elementum.lorem.ut@lobortis.ca,Brazil,Maranhão,(97) 0000-2632,"Tamekah Cherry,dolor.nulla.semper@proinvelitsed.edu,Brazil,Goiás,(82) 0000-6254,P.O. Box 867, 215 Orci Street,Enfermeiro UTI,1,2132,Nao,40,Indígena,0",Cirurgiao,5,2697,Nao,35,Parda,1
Ryan Francis,quis.massa@egestasfusce.co.uk,Brazil,Santa Catarina,(42) 0000-5357,Ap #864-4011 Augue Rd.,Medico,10,2469,Sim,18,Preta,1
Blythe Trevino,mus.proin@egestaslacinia.org,Brazil,São Paulo,(18) 0000-3398,Ap #143-2270 Vitae Rd.,Enfermeiro Chefe,4,2101,Nao,19,Amarela,1
Quinn Gordon,enim.curabitur@magnatellus.co.uk,Brazil,Santa Catarina,(72) 0000-5739,Ap #626-2296 Neque Avenue,Nefrologista,5,2495,Sim,30,Branca,0
Rooney Delaney,adipiscing.elit.curabitur@vivamusrhoncus.com,Brazil,São Paulo,(64) 0000-7264,Ap #366-9410 Nullam Av.,Fisioterapeuta Geral,4,2154,Sim,34,Indígena,0
William Nicholson,tincidunt.aliquam@lorem.org,Brazil,Pernambuco,(02) 0000-4526,Ap #673-6399 Convallis Ave,Enfermeiro Obstreta,3,2529,Sim,50,Preta,1
Octavia Christensen,dictum@elementumloremut.co.uk,Brazil,Goiás,(69) 0000-6199,775-1933 Bibendum St.,Coordenador de Enfermagem,2,2521,Sim,34,Indígena,1
Brielle Stevens,integer@ornareplacerat.edu,Brazil,Pernambuco,(67) 0000-7273,"Tamekah Cherry,dolor.nulla.semper@proinvelitsed.edu,Brazil,Goiás,(82) 0000-6254,P.O. Box 867, 215 Orci Street,Enfermeiro UTI,1,2132,Nao,40,Indígena,0",Fisioterapeuta Geral,1,2273,Sim,25,Amarela,0
Jack Reynolds,a.aliquet@erat.edu,Brazil,Rio de Janeiro,(31) 0000-3537,653-1877 Mauris Street,Enfermeiro Obstreta,6,2706,Sim,48,Branca,0
Lars Fox,velit.cras@proinvelitsed.net,Brazil,Rio Grande do Sul,(75) 0000-8759,"Tamekah Cherry,dolor.nulla.semper@proinvelitsed.edu,Brazil,Goiás,(82) 0000-6254,P.O. Box 867, 215 Orci Street,Enfermeiro UTI,1,2132,Nao,40,Indígena,0",Tecnico Enfermagem,4,2672,Sim,34,Amarela,1
Geoffrey Hudson,blandit.at@nasceturridiculus.org,Brazil,Pernambuco,(56) 0000-5212,156-2240 Porttitor St.,Nefrologista,3,2637,Nao,36,Indígena,1
Jack Higgins,odio.a@nullamlobortis.co.uk,Brazil,Pernambuco,(98) 0000-2212,"Tamekah Cherry,dolor.nulla.semper@proinvelitsed.edu,Brazil,Goiás,(82) 0000-6254,P.O. Box 867, 215 Orci Street,Enfermeiro UTI,1,2132,Nao,40,Indígena,0",Medico,3,2332,Nao,38,Branca,1
Stephen Wolfe,ut.nulla@dolorfusce.edu,Brazil,Paraná,(28) 0000-2547,Ap #890-3705 Enim. Avenue,Gerente de Enfermagem,1,2829,Nao,20,Branca,0
Cally Poole,arcu.eu.odio@pharetra.net,Brazil,Minas Gerais,(95) 0000-0287,5209 Dictum Rd.,Tecnico Em Radiologia,7,2124,Nao,32,Parda,1
Stacey Hendricks,sed.leo.cras@loremeget.com,Brazil,Santa Catarina,(23) 0000-7343,283-7698 Sit Rd.,Tecnico Em Radiologia,9,2885,Sim,30,Parda,0
Shay Rosales,lectus.pede@suspendissesagittis.co.uk,Brazil,Paraná,(62) 0000-5257,8863 Vestibulum Avenue,Farmaceutico,5,2105,Nao,43,Parda,1
Alfonso Stevenson,curabitur.egestas.nunc@nasceturridiculusmus.org,Brazil,Pará,(08) 0000-1107,6201 Risus. Ave,Enfermeiro Obstreta,9,2925,Sim,34,Indígena,0
Boris Wilkinson,lobortis.ultrices@milacinia.net,Brazil,Santa Catarina,(65) 0000-6568,Ap #818-1858 Sociis St.,Enfermeiro Plantonista,6,2895,Sim,28,Amarela,0
Dane Vazquez,magna.suspendisse.tristique@loremsit.ca,Brazil,Pará,(82) 0000-9768,Ap #666-1245 Sed Street,Enfermeiro Plantonista,1,2738,Sim,22,Preta,0
Holmes Rocha,ullamcorper.duis.cursus@imperdietornarein.org,Brazil,Minas Gerais,(92) 0000-8306,675-6888 Gravida Ave,Cirurgiao,4,2116,Sim,36,Indígena,1
Barbara Meyers,porttitor.tellus.non@sapiencursusin.ca,Brazil,Pará,(72) 0000-3655,"Boris Wilkinson,lobortis.ultrices@milacinia.net,Brazil,Santa Catarina,(65) 0000-6568,Ap #818-1858 Sociis St.,Enfermeiro Plantonista,6,2895,Sim,28,Amarela,0",Farmaceutico,1,2045,Nao,24,Amarela,1
Buffy Lott,hendrerit.donec.porttitor@a.com,Brazil,Bahia,(55) 0000-7598,5050 Interdum. Street,Tecnico Em Radiologia,6,2875,Nao,39,Parda,0
MacKenzie Levy,dui.nec@tellusphaselluselit.co.uk,Brazil,Pernambuco,(87) 0000-1488,"Boris Wilkinson,lobortis.ultrices@milacinia.net,Brazil,Santa Catarina,(65) 0000-6568,Ap #818-1858 Sociis St.,Enfermeiro Plantonista,6,2895,Sim,28,Amarela,0",Tecnico Em Radiologia,10,2626,Sim,43,Indígena,0
Jerome Ruiz,pellentesque.a.facilisis@sednunc.net,Brazil,Ceará,(71) 0000-2629,Ap #991-4407 Fusce Av.,Enfermeiro Plantonista,8,2196,Nao,23,Preta,0
Amity Mcintyre,lacus.mauris.non@fuscemollis.ca,Brazil,Minas Gerais,(52) 0000-7450,Ap #315-8059 Nisi. Road,Tecnico Enfermagem,2,2741,Nao,36,Amarela,1
Sopoline Downs,vitae.risus.duis@cursusvestibulum.net,Brazil,Maranhão,(77) 0000-2730,"Boris Wilkinson,lobortis.ultrices@milacinia.net,Brazil,Santa Catarina,(65) 0000-6568,Ap #818-1858 Sociis St.,Enfermeiro Plantonista,6,2895,Sim,28,Amarela,0",Gerente de Enfermagem,10,2836,Sim,30,Preta,1
Vanna Oliver,eros.proin.ultrices@ac.edu,Brazil,Minas Gerais,(83) 0000-8132,Ap #582-1001 Nunc Street,Gerente de Enfermagem,10,2150,Sim,19,Preta,0
Audra Chaney,proin.non.massa@arcuvestibulum.net,Brazil,Pará,(44) 0000-5268,"Boris Wilkinson,lobortis.ultrices@milacinia.net,Brazil,Santa Catarina,(65) 0000-6568,Ap #818-1858 Sociis St.,Enfermeiro Plantonista,6,2895,Sim,28,Amarela,0",Enfermeiro Plantonista,1,2043,Nao,29,Indígena,0
Alea Wilkins,natoque@idante.com,Brazil,Ceará,(84) 0000-2047,222-9985 Eu Av.,Enfermeiro UTI,9,2942,Sim,29,Parda,1
Joan Chavez,auctor.ullamcorper@maurisquis.ca,Brazil,Minas Gerais,(47) 0000-5142,Ap #406-133 Mauris Street,Enfermeiro Plantonista,9,2033,Nao,50,Branca,1
Ciaran Stanton,urna.vivamus.molestie@aptent.com,Brazil,Paraíba,(37) 0000-2572,Ap #757-5088 Accumsan Street,Medico,9,2868,Sim,45,Indígena,1
Germane Calderon,mi.pede.nonummy@consectetuer.net,Brazil,Rio de Janeiro,(72) 0000-9812,Ap #613-9986 Est Rd.,Auxiliar de Enfermagem,5,2468,Sim,50,Indígena,1
Patrick Ingram,orci@aneque.ca,Brazil,Maranhão,(32) 0000-3042,430-973 Pede. Street,Enfermeiro UTI,10,2822,Sim,39,Parda,1
Vance Carver,ante.lectus@feugiat.net,Brazil,Minas Gerais,(15) 0000-4874,8989 Egestas Street,Enfermeiro Chefe,10,2224,Nao,28,Parda,0
Mason Allison,convallis.erat.eget@seddiamlorem.org,Brazil,Bahia,(64) 0000-5111,941-282 At St.,Nefrologista,4,2065,Nao,39,Branca,0
Shana Cole,eu.eros@erateget.com,Brazil,Paraná,(67) 0000-8132,"Boris Wilkinson,lobortis.ultrices@milacinia.net,Brazil,Santa Catarina,(65) 0000-6568,Ap #818-1858 Sociis St.,Enfermeiro Plantonista,6,2895,Sim,28,Amarela,0",Enfermeiro Chefe,4,2928,Nao,47,Preta,0
Wyatt Wong,feugiat.non@aliquamnislnulla.ca,Brazil,Minas Gerais,(17) 0000-7525,Ap #549-2172 Sagittis Road,Medico,4,2691,Sim,22,Preta,0
Shafira Ingram,dictum.eleifend.nunc@ametdiameu.co.uk,Brazil,Paraíba,(64) 0000-0419,"Boris Wilkinson,lobortis.ultrices@milacinia.net,Brazil,Santa Catarina,(65) 0000-6568,Ap #818-1858 Sociis St.,Enfermeiro Plantonista,6,2895,Sim,28,Amarela,0",Nefrologista,6,2574,Sim,37,Indígena,1
Cora Herman,tellus.suspendisse@vitaeerat.com,Brazil,Maranhão,(27) 0000-5607,196-2371 Nec Av.,Enfermeiro UTI,8,2951,Sim,42,Preta,1
Colin Cummings,quam.dignissim@aliquam.com,Brazil,Ceará,(87) 0000-6529,Ap #695-2548 Ultricies Rd.,Medico,2,2014,Nao,40,Amarela,0
Lois Blair,nullam.ut.nisi@amet.net,Brazil,Goiás,(11) 0000-4353,"Boris Wilkinson,lobortis.ultrices@milacinia.net,Brazil,Santa Catarina,(65) 0000-6568,Ap #818-1858 Sociis St.,Enfermeiro Plantonista,6,2895,Sim,28,Amarela,0",Coordenador de Enfermagem,3,2525,Sim,21,Branca,1
Leilani Lynch,montes.nascetur.ridiculus@antedictumcursus.edu,Brazil,São Paulo,(45) 0000-5336,7122 Adipiscing. Street,Auxiliar de Enfermagem,1,2856,Sim,48,Indígena,0
Alexa Nguyen,suspendisse.eleifend.cras@magna.co.uk,Brazil,Paraíba,(77) 0000-7727,Ap #384-7305 Vivamus Rd.,Coordenador de Enfermagem,9,2941,Sim,20,Indígena,0
Mohammad Spence,curabitur.massa.vestibulum@torquentperconubia.co.uk,Brazil,Maranhão,(83) 0000-6481,Ap #357-7729 Enim Avenue,Coordenador de Enfermagem,3,2544,Nao,43,Parda,1
Samson Whitley,eleifend.egestas@nunc.com,Brazil,Bahia,(63) 0000-7171,Ap #682-2488 Turpis Rd.,Enfermeiro Chefe,8,2978,Sim,32,Amarela,0
Idola Crosby,odio.aliquam@maurisrhoncusid.ca,Brazil,Pará,(63) 0000-4624,Ap #564-4230 Lobortis. Avenue,Enfermeiro Chefe,8,2942,Sim,31,Amarela,0
Aimee Hendrix,varius.et@aliquetphasellus.ca,Brazil,Bahia,(96) 0000-0426,Ap #101-5389 Volutpat Street,Auxiliar de Enfermagem,5,2014,Sim,35,Amarela,0
Cairo Hayden,vivamus@in.org,Brazil,Ceará,(17) 0000-4017,Ap #158-564 Duis St.,Coordenador de Enfermagem,10,2419,Sim,22,Amarela,0
Victoria Booth,nascetur@netuset.net,Brazil,Rio Grande do Sul,(23) 0000-5779,Ap #147-275 Eu Ave,Enfermeiro UTI,7,2768,Sim,42,Amarela,1
Marah Ramirez,et.netus.et@adipiscing.com,Brazil,São Paulo,(66) 0000-5263,"Boris Wilkinson,lobortis.ultrices@milacinia.net,Brazil,Santa Catarina,(65) 0000-6568,Ap #818-1858 Sociis St.,Enfermeiro Plantonista,6,2895,Sim,28,Amarela,0",Tecnico Em Radiologia,10,2241,Sim,43,Branca,1
Kuame Carey,posuere.enim@morbitristique.ca,Brazil,Bahia,(16) 0000-5868,"Boris Wilkinson,lobortis.ultrices@milacinia.net,Brazil,Santa Catarina,(65) 0000-6568,Ap #818-1858 Sociis St.,Enfermeiro Plantonista,6,2895,Sim,28,Amarela,0",Enfermeiro UTI,4,2318,Nao,23,Branca,0
Xyla Hobbs,vestibulum.massa@imperdiet.edu,Brazil,Santa Catarina,(66) 0000-2726,4650 Felis Rd.,Medico,2,2551,Nao,33,Parda,1
Murphy Patel,et.euismod@blandit.com,Brazil,Goiás,(23) 0000-1212,"Boris Wilkinson,lobortis.ultrices@milacinia.net,Brazil,Santa Catarina,(65) 0000-6568,Ap #818-1858 Sociis St.,Enfermeiro Plantonista,6,2895,Sim,28,Amarela,0",Fisioterapeuta Geral,7,2767,Nao,40,Amarela,1
Diana Dawson,eu@vellectuscum.edu,Brazil,Maranhão,(27) 0000-8459,2966 Venenatis Av.,Farmaceutico,1,2973,Sim,48,Amarela,0
Phelan Solis,nunc@nonbibendumsed.org,Brazil,São Paulo,(62) 0000-0351,"Boris Wilkinson,lobortis.ultrices@milacinia.net,Brazil,Santa Catarina,(65) 0000-6568,Ap #818-1858 Sociis St.,Enfermeiro Plantonista,6,2895,Sim,28,Amarela,0",Enfermeiro Plantonista,1,2105,Nao,46,Preta,1
Shelby Dudley,urna.convallis@fermentum.com,Brazil,Bahia,(60) 0000-4218,Ap #462-1551 Enim Rd.,Enfermeiro Chefe,2,2023,Nao,45,Preta,0
Yeo Ray,sodales.elit.erat@laoreet.net,Brazil,Paraíba,(02) 0000-4830,"Boris Wilkinson,lobortis.ultrices@milacinia.net,Brazil,Santa Catarina,(65) 0000-6568,Ap #818-1858 Sociis St.,Enfermeiro Plantonista,6,2895,Sim,28,Amarela,0",Gerente de Enfermagem,8,2534,Sim,37,Indígena,0
Shaine Vasquez,iaculis.aliquet@nisi.co.uk,Brazil,Pernambuco,(16) 0000-2772,"Boris Wilkinson,lobortis.ultrices@milacinia.net,Brazil,Santa Catarina,(65) 0000-6568,Ap #818-1858 Sociis St.,Enfermeiro Plantonista,6,2895,Sim,28,Amarela,0",Tecnico Em Radiologia,9,2970,Nao,41,Indígena,0
Derek Calderon,neque.venenatis.lacus@faucibus.org,Brazil,São Paulo,(12) 0000-4343,"Boris Wilkinson,lobortis.ultrices@milacinia.net,Brazil,Santa Catarina,(65) 0000-6568,Ap #818-1858 Sociis St.,Enfermeiro Plantonista,6,2895,Sim,28,Amarela,0",Fisioterapeuta Geral,1,2881,Sim,44,Indígena,0
Sade Steele,vulputate.risus@ornareegestas.ca,Brazil,Maranhão,(17) 0000-4236,"Boris Wilkinson,lobortis.ultrices@milacinia.net,Brazil,Santa Catarina,(65) 0000-6568,Ap #818-1858 Sociis St.,Enfermeiro Plantonista,6,2895,Sim,28,Amarela,0",Fisioterapeuta Geral,6,2683,Sim,20,Preta,0
Virginia Wiley,metus.vivamus@aliquetmagna.edu,Brazil,Rio de Janeiro,(68) 0000-6882,142-2001 Risus Av.,Enfermeiro UTI,10,2628,Nao,46,Parda,0
Hunter Faulkner,nam@risusdonec.net,Brazil,Paraná,(50) 0000-4939,Ap #697-152 A St.,Gerente de Enfermagem,8,2918,Nao,31,Amarela,0
Calvin Matthews,bibendum.fermentum@iaculis.edu,Brazil,Pará,(31) 0000-8880,519-3273 Eu Avenue,Coordenador de Enfermagem,5,2562,Sim,18,Preta,1
Denton Thompson,bibendum@utnec.net,Brazil,Santa Catarina,(36) 0000-5101,Ap #423-4091 Nibh St.,Auxiliar de Enfermagem,2,2111,Sim,43,Branca,0
Isadora Nixon,posuere@praesenteu.net,Brazil,Maranhão,(98) 0000-1537,187-6781 Purus Rd.,Enfermeiro Chefe,5,2132,Sim,43,Parda,1
Tatyana Hester,mollis.nec@lorem.org,Brazil,Pará,(42) 0000-3345,"Rhiannon Williamson,amet@malesuadaaugue.net,Brazil,Paraná,(38) 0000-6577,720-4614 Sollicitudin Avenue,Fisioterapeuta Geral,7,2746,Nao,32,Parda,0",Nefrologista,3,2036,Nao,24,Indígena,1
Cain Tillman,malesuada.integer@pulvinararcu.ca,Brazil,Minas Gerais,(41) 0000-4546,4979 Sed Rd.,Farmaceutico,4,2223,Nao,30,Preta,0
Rhiannon Williamson,amet@malesuadaaugue.net,Brazil,Paraná,(38) 0000-6577,720-4614 Sollicitudin Avenue,Fisioterapeuta Geral,7,2746,Nao,32,Parda,0
Hannah Elliott,velit.eu@eteros.org,Brazil,Pará,(08) 0000-2352,2293 Morbi St.,Enfermeiro UTI,4,2263,Nao,49,Parda,0
Rebekah Christensen,metus.facilisis@miloremvehicula.ca,Brazil,Pernambuco,(70) 0000-5241,Ap #148-6825 Quis Ave,Enfermeiro UTI,5,2082,Nao,33,Parda,1
Martin Rollins,morbi.neque@sedsapien.com,Brazil,Santa Catarina,(62) 0000-4369,"Rhiannon Williamson,amet@malesuadaaugue.net,Brazil,Paraná,(38) 0000-6577,720-4614 Sollicitudin Avenue,Fisioterapeuta Geral,7,2746,Nao,32,Parda,0",Auxiliar de Enfermagem,6,2523,Sim,35,Preta,0
Sylvester Conley,nunc.in.at@nequein.org,Brazil,Paraná,(34) 0000-5288,"Rhiannon Williamson,amet@malesuadaaugue.net,Brazil,Paraná,(38) 0000-6577,720-4614 Sollicitudin Avenue,Fisioterapeuta Geral,7,2746,Nao,32,Parda,0",Tecnico Enfermagem,2,2057,Sim,41,Branca,0
Bert Mcpherson,a.enim@laciniamattisinteger.net,Brazil,Rio de Janeiro,(04) 0000-5328,548-5008 At Road,Fisioterapeuta Geral,5,2950,Sim,29,Indígena,0
Jared Gonzalez,rutrum.urna@vestibulumaccumsan.co.uk,Brazil,Pará,(27) 0000-3893,"Rhiannon Williamson,amet@malesuadaaugue.net,Brazil,Paraná,(38) 0000-6577,720-4614 Sollicitudin Avenue,Fisioterapeuta Geral,7,2746,Nao,32,Parda,0",Enfermeiro Plantonista,1,2608,Sim,47,Preta,0
Denise Bowers,lectus.rutrum.urna@etultrices.ca,Brazil,Pernambuco,(92) 0000-6862,"Rhiannon Williamson,amet@malesuadaaugue.net,Brazil,Paraná,(38) 0000-6577,720-4614 Sollicitudin Avenue,Fisioterapeuta Geral,7,2746,Nao,32,Parda,0",Fisioterapeuta Geral,9,2860,Sim,44,Branca,1
Illana Maddox,fringilla@consectetueripsum.net,Brazil,Paraíba,(37) 0000-4650,Ap #120-8247 Quis Street,Enfermeiro UTI,8,2999,Sim,19,Indígena,1
Zenia Mathews,congue.turpis@etnuncquisque.co.uk,Brazil,Pará,(48) 0000-4465,115-5371 Dignissim. St.,Tecnico Enfermagem,5,2467,Sim,37,Preta,1
Brenna Daugherty,a@inloremdonec.edu,Brazil,Paraíba,(31) 0000-3883,Ap #638-5944 Auctor Rd.,Tecnico Enfermagem,8,2900,Nao,37,Preta,0
Fay Richard,diam@pretiumaliquet.edu,Brazil,Bahia,(93) 0000-0645,Ap #135-1291 Orci. Rd.,Cirurgiao,4,2760,Sim,43,Amarela,0
Callum Massey,quam@ligula.com,Brazil,Ceará,(93) 0000-5673,2094 In Rd.,Tecnico Em Radiologia,2,2474,Nao,48,Branca,1
Ciara Vargas,ligula.aenean.euismod@utcursus.net,Brazil,São Paulo,(17) 0000-8185,Ap #882-645 Adipiscing St.,Enfermeiro Obstreta,8,2713,Nao,31,Amarela,0
Jared Flynn,adipiscing@risusdonecegestas.org,Brazil,Paraná,(46) 0000-2385,"Rhiannon Williamson,amet@malesuadaaugue.net,Brazil,Paraná,(38) 0000-6577,720-4614 Sollicitudin Avenue,Fisioterapeuta Geral,7,2746,Nao,32,Parda,0",Nefrologista,4,2861,Nao,25,Preta,1
Baker Johnston,massa.lobortis@purusmaurisa.ca,Brazil,Santa Catarina,(86) 0000-1787,9301 Auctor Street,Cirurgiao,3,2301,Nao,25,Branca,0
Laurel Jimenez,velit@aliquetsemut.net,Brazil,Pernambuco,(65) 0000-4072,Ap #589-2017 Libero. Avenue,Cirurgiao,9,2799,Sim,48,Indígena,0
Virginia Macdonald,lacus.cras@luctusvulputatenisi.org,Brazil,Maranhão,(30) 0000-7872,Ap #954-1038 Mauris Road,Coordenador de Enfermagem,3,2504,Sim,34,Amarela,0
Zachary Matthews,vulputate.mauris.sagittis@elitcurabitursed.ca,Brazil,Pará,(29) 0000-8515,173-9774 Integer St.,Enfermeiro Plantonista,1,2598,Sim,43,Amarela,0
Calvin Talley,ac.facilisis@arcuvel.ca,Brazil,Goiás,(73) 0000-4557,"Rhiannon Williamson,amet@malesuadaaugue.net,Brazil,Paraná,(38) 0000-6577,720-4614 Sollicitudin Avenue,Fisioterapeuta Geral,7,2746,Nao,32,Parda,0",Enfermeiro Plantonista,8,2806,Nao,37,Indígena,0
Nerea Stuart,sed.dictum.eleifend@velvulputateeu.co.uk,Brazil,Pará,(44) 0000-0921,Ap #383-6642 Arcu. Avenue,Nefrologista,4,2161,Sim,18,Parda,0
Callum Ware,eget.tincidunt@sollicitudinadipiscing.ca,Brazil,Minas Gerais,(88) 0000-5676,"Rhiannon Williamson,amet@malesuadaaugue.net,Brazil,Paraná,(38) 0000-6577,720-4614 Sollicitudin Avenue,Fisioterapeuta Geral,7,2746,Nao,32,Parda,0",Nefrologista,2,2052,Sim,49,Parda,0
Omar Burch,mauris.molestie.pharetra@lacuspede.net,Brazil,Bahia,(41) 0000-8858,"Rhiannon Williamson,amet@malesuadaaugue.net,Brazil,Paraná,(38) 0000-6577,720-4614 Sollicitudin Avenue,Fisioterapeuta Geral,7,2746,Nao,32,Parda,0",Enfermeiro Plantonista,4,2783,Sim,24,Branca,0
Beatrice Wood,ullamcorper.duis@ridiculusmusdonec.ca,Brazil,Maranhão,(55) 0000-9259,Ap #499-4151 Sodales St.,Fisioterapeuta Geral,1,2303,Sim,43,Preta,0
Erich Keith,pede.cras.vulputate@interdum.edu,Brazil,Bahia,(74) 0000-6038,7545 Amet Street,Gerente de Enfermagem,6,2588,Nao,30,Preta,1
Ella Barnett,nec.ante.maecenas@atlibero.edu,Brazil,Ceará,(03) 0000-3824,7046 Vitae Avenue,Cirurgiao,3,2201,Nao,37,Parda,0
Uriah Skinner,pede.cum@non.ca,Brazil,Paraíba,(37) 0000-6826,343-6784 Tristique Rd.,Gerente de Enfermagem,4,2341,Sim,45,Parda,1
September Kramer,tellus.faucibus@idmagna.net,Brazil,Goiás,(44) 0000-1666,"Rhiannon Williamson,amet@malesuadaaugue.net,Brazil,Paraná,(38) 0000-6577,720-4614 Sollicitudin Avenue,Fisioterapeuta Geral,7,2746,Nao,32,Parda,0",Enfermeiro Chefe,4,2366,Nao,49,Parda,0
Zachary Jensen,nec.eleifend.non@sedcongue.org,Brazil,Paraíba,(64) 0000-4771,"Rhiannon Williamson,amet@malesuadaaugue.net,Brazil,Paraná,(38) 0000-6577,720-4614 Sollicitudin Avenue,Fisioterapeuta Geral,7,2746,Nao,32,Parda,0",Tecnico Em Radiologia,10,2342,Nao,42,Amarela,0
Samuel Richardson,auctor@ipsumporta.co.uk,Brazil,Goiás,(74) 0000-6558,"Rhiannon Williamson,amet@malesuadaaugue.net,Brazil,Paraná,(38) 0000-6577,720-4614 Sollicitudin Avenue,Fisioterapeuta Geral,7,2746,Nao,32,Parda,0",Farmaceutico,10,2257,Nao,35,Preta,0
Ulric Wiggins,suscipit.est.ac@dictumeu.co.uk,Brazil,Pernambuco,(82) 0000-3179,Ap #863-4180 In Avenue,Nefrologista,7,2780,Sim,42,Amarela,0
Reed Callahan,et.arcu@iaculisenim.org,Brazil,Bahia,(16) 0000-1597,564-9669 A Rd.,Tecnico Em Radiologia,10,2359,Sim,27,Indígena,1
Luke Navarro,ante@aliquet.ca,Brazil,Pernambuco,(05) 0000-5132,759-3067 Sodales Rd.,Fisioterapeuta Geral,6,2766,Nao,27,Indígena,1
Sopoline Bridges,ac@eutellus.org,Brazil,Pará,(15) 0000-6338,Ap #667-1904 Est. Rd.,Farmaceutico,3,2472,Sim,50,Branca,0
Cameron Miles,justo.sit@liberonec.co.uk,Brazil,Ceará,(43) 0000-3597,"Rhiannon Williamson,amet@malesuadaaugue.net,Brazil,Paraná,(38) 0000-6577,720-4614 Sollicitudin Avenue,Fisioterapeuta Geral,7,2746,Nao,32,Parda,0",Gerente de Enfermagem,9,2267,Sim,19,Parda,1
Alfonso Burks,augue.eu.tempor@necligula.co.uk,Brazil,Minas Gerais,(57) 0000-1127,Ap #327-4357 Mauris. St.,Enfermeiro Plantonista,2,2196,Nao,36,Amarela,0
Brady Rodriguez,nisi.a.odio@lorem.com,Brazil,Santa Catarina,(50) 0000-6115,"Rhiannon Williamson,amet@malesuadaaugue.net,Brazil,Paraná,(38) 0000-6577,720-4614 Sollicitudin Avenue,Fisioterapeuta Geral,7,2746,Nao,32,Parda,0",Tecnico Em Radiologia,7,2215,Nao,33,Branca,1
Miriam Snyder,proin.non@fermentumconvallis.ca,Brazil,Maranhão,(25) 0000-5145,937-3724 Nascetur Ave,Nefrologista,6,2067,Nao,22,Amarela,0
Liberty O'connor,mattis.integer.eu@eu.com,Brazil,Pará,(45) 0000-2698,Ap #490-484 Urna. Road,Enfermeiro Obstreta,3,2904,Sim,19,Parda,1
Carl Munoz,quam.vel.sapien@velitegetlaoreet.ca,Brazil,Pará,(83) 0000-7840,Ap #766-4358 Volutpat St.,Enfermeiro UTI,7,2982,Sim,43,Indígena,1
Austin Ewing,tortor.dictum@antemaecenas.net,Brazil,Ceará,(17) 0000-8722,Ap #621-7096 Magnis Rd.,Enfermeiro Plantonista,2,2524,Nao,41,Branca,0
Austin Robbins,non.sollicitudin.a@integervitae.org,Brazil,Paraíba,(56) 0000-6893,Ap #533-2654 Amet Street,Farmaceutico,8,2435,Nao,39,Preta,1
Jameson Page,nibh.phasellus@nullaat.edu,Brazil,Maranhão,(72) 0000-2707,"Rhiannon Williamson,amet@malesuadaaugue.net,Brazil,Paraná,(38) 0000-6577,720-4614 Sollicitudin Avenue,Fisioterapeuta Geral,7,2746,Nao,32,Parda,0",Coordenador de Enfermagem,4,2122,Sim,28,Parda,1
Levi Taylor,urna@nuncsit.edu,Brazil,Minas Gerais,(58) 0000-1054,731-6877 Cras Rd.,Cirurgiao,1,2800,Sim,24,Amarela,0
Leroy Marsh,ut.odio.vel@aliquamfringilla.net,Brazil,Maranhão,(61) 0000-7239,"Rhiannon Williamson,amet@malesuadaaugue.net,Brazil,Paraná,(38) 0000-6577,720-4614 Sollicitudin Avenue,Fisioterapeuta Geral,7,2746,Nao,32,Parda,0",Enfermeiro Plantonista,9,2872,Sim,21,Indígena,1
Giacomo Drake,nullam.lobortis@imperdietullamcorperduis.edu,Brazil,Santa Catarina,(33) 0000-6561,8714 Scelerisque Rd.,Farmaceutico,2,2812,Nao,27,Amarela,1
Chaney Mann,nullam.suscipit@nullamscelerisque.ca,Brazil,Goiás,(37) 0000-7466,"Candice Carroll,adipiscing@nequenullam.edu,Brazil,Pará,(50) 0000-1556,Ap #270-2818 Feugiat Avenue,Coordenador de Enfermagem,2,2553,Nao,44,Branca,0",Enfermeiro Obstreta,9,2112,Sim,35,Parda,0
Chaney Branch,eu.nulla@auguesed.edu,Brazil,Bahia,(72) 0000-5860,"Candice Carroll,adipiscing@nequenullam.edu,Brazil,Pará,(50) 0000-1556,Ap #270-2818 Feugiat Avenue,Coordenador de Enfermagem,2,2553,Nao,44,Branca,0",Farmaceutico,3,2453,Sim,49,Indígena,1
Lester Ellis,ipsum@ornarefacilisis.net,Brazil,Pará,(57) 0000-5052,565-8867 Nunc St.,Farmaceutico,8,2908,Nao,36,Branca,1
Tanner Gay,ornare@accumsanconvallis.edu,Brazil,Minas Gerais,(89) 0000-6214,Ap #800-281 Vitae Ave,Tecnico Enfermagem,8,2451,Sim,35,Amarela,0
Candice Carroll,adipiscing@nequenullam.edu,Brazil,Pará,(50) 0000-1556,Ap #270-2818 Feugiat Avenue,Coordenador de Enfermagem,2,2553,Nao,44,Branca,0
Akeem Meadows,nulla@arcuvivamus.com,Brazil,Bahia,(49) 0000-5251,1690 Donec Av.,Tecnico Enfermagem,9,2946,Nao,46,Amarela,0
Ferdinand Camacho,nec.ligula@variusnam.com,Brazil,Ceará,(98) 0000-5386,Ap #905-454 Dictum. Av.,Cirurgiao,8,2482,Sim,19,Amarela,1
Keegan Hebert,neque@nuncacmattis.org,Brazil,Bahia,(79) 0000-8126,225-4022 Malesuada. Avenue,Farmaceutico,10,2320,Sim,23,Preta,0
Jonah Battle,turpis.vitae@consequatauctornunc.edu,Brazil,Pará,(42) 0000-1422,9436 Proin Rd.,Enfermeiro Plantonista,9,2848,Nao,34,Branca,1
Skyler Pratt,sapien.nunc@pharetra.ca,Brazil,Paraíba,(61) 0000-3227,Ap #678-5126 Phasellus Avenue,Enfermeiro Plantonista,10,2309,Nao,40,Amarela,0
Odysseus Reilly,facilisis.eget@elitpede.edu,Brazil,Bahia,(08) 0000-9536,884-3178 Proin Avenue,Tecnico Enfermagem,6,2268,Nao,38,Branca,1
Cadman Fitzpatrick,euismod.in@mauriseuturpis.edu,Brazil,Pará,(31) 0000-5517,"Candice Carroll,adipiscing@nequenullam.edu,Brazil,Pará,(50) 0000-1556,Ap #270-2818 Feugiat Avenue,Coordenador de Enfermagem,2,2553,Nao,44,Branca,0",Enfermeiro Plantonista,4,2456,Sim,45,Branca,0
Gil Guerrero,lobortis@nislquisquefringilla.com,Brazil,Ceará,(66) 0000-4668,734-6096 Justo St.,Enfermeiro Obstreta,6,2302,Nao,49,Preta,0
Uta Levy,dui.in@loremsemper.ca,Brazil,Santa Catarina,(75) 0000-2563,Ap #714-1162 Porttitor Avenue,Auxiliar de Enfermagem,10,2614,Sim,35,Branca,1
Peter Roach,lacus.quisque.imperdiet@penatibuset.net,Brazil,Paraná,(38) 0000-4142,321-3253 Ac Avenue,Cirurgiao,9,2388,Nao,46,Parda,0
Kai Franks,eget.metus@aliquetphasellus.org,Brazil,Paraíba,(16) 0000-7683,947-2366 Sem Rd.,Enfermeiro Obstreta,7,2508,Sim,38,Parda,0
Beck Mcdowell,sed.auctor.odio@atarcu.edu,Brazil,Paraíba,(62) 0000-8828,386-2174 Viverra. St.,Auxiliar de Enfermagem,7,2784,Nao,41,Amarela,0
Stacy Cameron,egestas.hendrerit@malesuadafringilla.org,Brazil,Paraíba,(28) 0000-3726,4256 Nisi Avenue,Enfermeiro Chefe,5,2029,Nao,28,Indígena,0
Guy Byers,dapibus.id.blandit@urnaet.co.uk,Brazil,Paraíba,(57) 0000-4595,Ap #906-5209 Nulla Street,Farmaceutico,7,2530,Nao,35,Indígena,1
Remedios Chavez,risus.at@phasellusfermentum.com,Brazil,Bahia,(18) 0000-9516,"Candice Carroll,adipiscing@nequenullam.edu,Brazil,Pará,(50) 0000-1556,Ap #270-2818 Feugiat Avenue,Coordenador de Enfermagem,2,2553,Nao,44,Branca,0",Tecnico Enfermagem,8,2181,Sim,32,Branca,0
Charles Brooks,dignissim.maecenas.ornare@ullamcorpereu.co.uk,Brazil,Rio de Janeiro,(75) 0000-6452,Ap #521-1431 Mauris St.,Medico,8,2493,Nao,49,Amarela,0
Octavia Stephens,vitae.semper@donecvitae.com,Brazil,Paraná,(32) 0000-8796,Ap #542-9889 Mauris Rd.,Enfermeiro Obstreta,2,2161,Sim,47,Preta,1
Justin Cleveland,sit@portaelita.net,Brazil,Santa Catarina,(87) 0000-8311,"Candice Carroll,adipiscing@nequenullam.edu,Brazil,Pará,(50) 0000-1556,Ap #270-2818 Feugiat Avenue,Coordenador de Enfermagem,2,2553,Nao,44,Branca,0",Coordenador de Enfermagem,1,2432,Nao,42,Parda,0
Phyllis Padilla,varius.orci@proin.com,Brazil,Pará,(17) 0000-5659,711-4852 Ut Ave,Tecnico Em Radiologia,5,2802,Nao,18,Indígena,0
Madison Willis,dui.nec.tempus@odiosempercursus.org,Brazil,São Paulo,(65) 0000-9633,Ap #154-4504 Elit Av.,Tecnico Em Radiologia,3,2175,Sim,46,Preta,0
Keelie Harrell,nunc.ut@id.edu,Brazil,Santa Catarina,(11) 0000-7472,Ap #140-8300 Aliquet Avenue,Nefrologista,6,2442,Sim,33,Amarela,0
Camden Kemp,pharetra.felis.eget@afeugiattellus.ca,Brazil,Paraná,(40) 0000-1033,535-2058 Dignissim Rd.,Auxiliar de Enfermagem,7,2536,Nao,47,Branca,1
Buffy Osborne,lorem@sedleo.org,Brazil,Bahia,(47) 0000-9158,6062 Quisque Av.,Medico,9,2369,Sim,42,Parda,0
Tobias Fitzpatrick,sed@primisinfaucibus.net,Brazil,Santa Catarina,(04) 0000-5722,"Candice Carroll,adipiscing@nequenullam.edu,Brazil,Pará,(50) 0000-1556,Ap #270-2818 Feugiat Avenue,Coordenador de Enfermagem,2,2553,Nao,44,Branca,0",Tecnico Em Radiologia,10,2113,Nao,23,Amarela,0
Brittany Barrera,tortor@dignissimtempor.ca,Brazil,Bahia,(08) 0000-4553,Ap #807-9908 Aliquet St.,Medico,1,2200,Nao,25,Amarela,0
Jarrod Wall,a.neque@nonegestasa.co.uk,Brazil,Paraná,(72) 0000-2307,"Candice Carroll,adipiscing@nequenullam.edu,Brazil,Pará,(50) 0000-1556,Ap #270-2818 Feugiat Avenue,Coordenador de Enfermagem,2,2553,Nao,44,Branca,0",Farmaceutico,9,2148,Sim,39,Parda,0
Anjolie Lindsay,in.scelerisque@acorci.co.uk,Brazil,Santa Catarina,(30) 0000-3115,"Candice Carroll,adipiscing@nequenullam.edu,Brazil,Pará,(50) 0000-1556,Ap #270-2818 Feugiat Avenue,Coordenador de Enfermagem,2,2553,Nao,44,Branca,0",Tecnico Enfermagem,5,2285,Nao,44,Preta,0
Meghan Cook,purus@arcu.co.uk,Brazil,Ceará,(77) 0000-7154,"Candice Carroll,adipiscing@nequenullam.edu,Brazil,Pará,(50) 0000-1556,Ap #270-2818 Feugiat Avenue,Coordenador de Enfermagem,2,2553,Nao,44,Branca,0",Medico,8,2298,Sim,38,Indígena,0
Brenna Rios,nec.mauris@cursuset.org,Brazil,Ceará,(82) 0000-8768,"Candice Carroll,adipiscing@nequenullam.edu,Brazil,Pará,(50) 0000-1556,Ap #270-2818 Feugiat Avenue,Coordenador de Enfermagem,2,2553,Nao,44,Branca,0",Farmaceutico,2,2065,Sim,43,Amarela,0
Sylvester Pace,tempus.lorem@afacilisisnon.com,Brazil,Rio Grande do Sul,(83) 0000-2981,"Candice Carroll,adipiscing@nequenullam.edu,Brazil,Pará,(50) 0000-1556,Ap #270-2818 Feugiat Avenue,Coordenador de Enfermagem,2,2553,Nao,44,Branca,0",Nefrologista,5,2695,Nao,44,Parda,0
Vivian Barnett,vulputate.nisi.sem@facilisis.co.uk,Brazil,Paraíba,(86) 0000-2112,750-5956 Donec Avenue,Gerente de Enfermagem,6,2961,Nao,22,Amarela,0
Hall Walter,lorem.lorem.luctus@sedid.co.uk,Brazil,Paraná,(87) 0000-8526,388-1725 Semper Ave,Medico,4,2059,Nao,25,Parda,0
Lysandra Barlow,enim.etiam.gravida@loremipsum.com,Brazil,Paraíba,(91) 0000-2127,748-9162 Praesent Rd.,Coordenador de Enfermagem,10,2443,Nao,22,Parda,0
Patience Sherman,tristique.senectus@donecfelis.org,Brazil,Pará,(73) 0000-2379,Ap #220-7397 Libero Rd.,Nefrologista,5,2809,Sim,30,Parda,1
Clayton White,odio@lorem.com,Brazil,Rio Grande do Sul,(12) 0000-3050,892-1659 Urna. St.,Medico,8,2517,Nao,36,Parda,1
Clio Lancaster,commodo.ipsum@nullavulputate.org,Brazil,Paraná,(29) 0000-7612,"Candice Carroll,adipiscing@nequenullam.edu,Brazil,Pará,(50) 0000-1556,Ap #270-2818 Feugiat Avenue,Coordenador de Enfermagem,2,2553,Nao,44,Branca,0",Coordenador de Enfermagem,10,2355,Sim,36,Amarela,0
Reuben Weber,nam.ac@et.ca,Brazil,Rio de Janeiro,(31) 0000-5843,4639 Sed St.,Medico,9,2412,Sim,30,Amarela,1
Rana Mack,et@aliquetmetus.co.uk,Brazil,Maranhão,(83) 0000-2172,501-6998 Magna Avenue,Enfermeiro UTI,6,2367,Nao,43,Indígena,1
Quin Gomez,vulputate.lacus@eu.com,Brazil,Rio de Janeiro,(62) 0000-8847,"Candice Carroll,adipiscing@nequenullam.edu,Brazil,Pará,(50) 0000-1556,Ap #270-2818 Feugiat Avenue,Coordenador de Enfermagem,2,2553,Nao,44,Branca,0",Enfermeiro Obstreta,3,2251,Sim,23,Preta,1
Calvin Mejia,tempor.bibendum@pedenec.co.uk,Brazil,Goiás,(43) 0000-1234,Ap #140-4094 Non Street,Medico,8,2414,Nao,20,Branca,0
Ulric Dejesus,nunc.interdum@venenatis.net,Brazil,Minas Gerais,(27) 0000-1117,"Candice Carroll,adipiscing@nequenullam.edu,Brazil,Pará,(50) 0000-1556,Ap #270-2818 Feugiat Avenue,Coordenador de Enfermagem,2,2553,Nao,44,Branca,0",Coordenador de Enfermagem,8,2179,Sim,28,Preta,1
Zephania Peck,egestas@sempernam.net,Brazil,Paraná,(38) 0000-4845,614-4451 Elit. Av.,Enfermeiro Plantonista,2,2953,Nao,32,Indígena,1
Montana Sherman,tincidunt.congue@nullacraseu.net,Brazil,Ceará,(23) 0000-9567,5106 Id St.,Tecnico Enfermagem,3,2220,Sim,28,Branca,1
Marcia Hanson,senectus.et@aauctor.co.uk,Brazil,São Paulo,(46) 0000-7538,4665 Cras St.,Gerente de Enfermagem,4,2980,Nao,32,Parda,0
Plato Whitley,dolor@nequesed.co.uk,Brazil,Bahia,(70) 0000-0726,2386 Leo. Street,Medico,7,2089,Nao,37,Preta,0
Hilel Browning,sed.turpis.nec@nuncsit.net,Brazil,Minas Gerais,(70) 0000-3885,"Rigel Strong,in@semelit.co.uk,Brazil,Minas Gerais,(51) 0000-8424,366-7335 Sollicitudin Ave,Tecnico Em Radiologia,5,2026,Nao,22,Preta,0",Nefrologista,2,2945,Sim,34,Branca,1
Quamar Cummings,cras.lorem@cursusa.co.uk,Brazil,Santa Catarina,(09) 0000-2815,637-6454 Ipsum Rd.,Nefrologista,10,2046,Nao,29,Parda,1
Cooper Washington,gravida.praesent@ultricesiaculis.edu,Brazil,Santa Catarina,(86) 0000-1776,Ap #658-838 Eget Rd.,Gerente de Enfermagem,10,2223,Nao,44,Preta,1
Ora Hawkins,ipsum.curabitur@nibhaliquamornare.com,Brazil,Paraíba,(88) 0000-3512,"Rigel Strong,in@semelit.co.uk,Brazil,Minas Gerais,(51) 0000-8424,366-7335 Sollicitudin Ave,Tecnico Em Radiologia,5,2026,Nao,22,Preta,0",Medico,2,2267,Nao,28,Amarela,1
Rigel Strong,in@semelit.co.uk,Brazil,Minas Gerais,(51) 0000-8424,366-7335 Sollicitudin Ave,Tecnico Em Radiologia,5,2026,Nao,22,Preta,0
Brianna Sampson,placerat.eget@orcilobortis.ca,Brazil,Minas Gerais,(03) 0000-7132,3778 Vitae Road,Enfermeiro UTI,1,2224,Nao,44,Amarela,0
Magee Gibbs,etiam.vestibulum@rutrumeu.com,Brazil,Bahia,(08) 0000-6834,727-9308 Quam Avenue,Auxiliar de Enfermagem,6,2024,Sim,24,Preta,1
Zeph Hartman,enim.etiam@ligulaaenean.net,Brazil,Paraná,(64) 0000-4250,9096 Consequat Street,Enfermeiro Chefe,9,2875,Sim,25,Preta,1
Sydney Higgins,odio@ut.com,Brazil,Goiás,(74) 0000-8848,Ap #266-3018 Urna. Avenue,Auxiliar de Enfermagem,8,2072,Sim,30,Amarela,0
Imelda Valdez,quis.pede.praesent@nullamsuscipit.edu,Brazil,Rio Grande do Sul,(73) 0000-7180,"Rigel Strong,in@semelit.co.uk,Brazil,Minas Gerais,(51) 0000-8424,366-7335 Sollicitudin Ave,Tecnico Em Radiologia,5,2026,Nao,22,Preta,0",Tecnico Enfermagem,5,2876,Sim,27,Branca,0
Phillip Glass,dolor.nulla@semperegestas.edu,Brazil,Ceará,(05) 0000-3823,896-8257 Donec Rd.,Gerente de Enfermagem,10,2460,Sim,47,Branca,0
Wing Summers,odio.etiam.ligula@molestiearcused.net,Brazil,Bahia,(47) 0000-2166,597-3883 Justo Rd.,Enfermeiro Chefe,6,2304,Sim,25,Amarela,0
Ali Hays,donec@egetmassa.com,Brazil,Maranhão,(22) 0000-9437,"Rigel Strong,in@semelit.co.uk,Brazil,Minas Gerais,(51) 0000-8424,366-7335 Sollicitudin Ave,Tecnico Em Radiologia,5,2026,Nao,22,Preta,0",Enfermeiro UTI,7,2417,Nao,38,Indígena,1
Xander Webb,adipiscing.elit.etiam@et.org,Brazil,Bahia,(57) 0000-8433,Ap #572-9038 Est. Ave,Cirurgiao,1,2217,Nao,48,Preta,1
Oscar Blackwell,sagittis.lobortis@sagittisplaceratcras.org,Brazil,Rio de Janeiro,(14) 0000-2151,Ap #724-796 Lectus Rd.,Cirurgiao,10,2297,Sim,32,Indígena,1
Nerea Frederick,duis.sit.amet@liberoettristique.org,Brazil,Pará,(16) 0000-5412,Ap #961-9615 Non Rd.,Coordenador de Enfermagem,1,2267,Sim,33,Parda,0
Rudyard Riddle,tristique.neque@fermentummetusaenean.ca,Brazil,Pará,(26) 0000-1428,Ap #923-157 Ultrices Street,Fisioterapeuta Geral,1,2270,Nao,35,Branca,0
Byron Bryant,cras.dolor@vel.edu,Brazil,Pará,(51) 0000-9526,Ap #201-9570 Quis Avenue,Cirurgiao,5,2198,Nao,46,Preta,1
Leonard Padilla,morbi.quis@proindolor.edu,Brazil,Minas Gerais,(78) 0000-2672,"Rigel Strong,in@semelit.co.uk,Brazil,Minas Gerais,(51) 0000-8424,366-7335 Sollicitudin Ave,Tecnico Em Radiologia,5,2026,Nao,22,Preta,0",Auxiliar de Enfermagem,5,2957,Nao,33,Preta,1
Eric Whitaker,lacus.cras@nasceturridiculus.org,Brazil,Pernambuco,(37) 0000-4746,"Rigel Strong,in@semelit.co.uk,Brazil,Minas Gerais,(51) 0000-8424,366-7335 Sollicitudin Ave,Tecnico Em Radiologia,5,2026,Nao,22,Preta,0",Tecnico Em Radiologia,7,2638,Nao,44,Indígena,0
Kadeem Love,est@blandit.co.uk,Brazil,São Paulo,(84) 0000-5353,879-2351 Proin St.,Auxiliar de Enfermagem,10,2522,Sim,48,Branca,1
Jamal Bentley,tellus@tellusnonmagna.ca,Brazil,Paraná,(08) 0000-4304,Ap #656-1395 Dui St.,Cirurgiao,3,2168,Nao,20,Branca,1
Irene Gay,facilisis.eget.ipsum@turpis.ca,Brazil,Rio Grande do Sul,(72) 0000-0913,"Rigel Strong,in@semelit.co.uk,Brazil,Minas Gerais,(51) 0000-8424,366-7335 Sollicitudin Ave,Tecnico Em Radiologia,5,2026,Nao,22,Preta,0",Enfermeiro Chefe,5,2856,Sim,38,Branca,1
Harrison Talley,mauris.id.sapien@dictumplacerataugue.co.uk,Brazil,Maranhão,(25) 0000-8652,Ap #278-1682 Mauris Av.,Farmaceutico,2,2297,Nao,22,Branca,1
Malcolm Solis,sed.facilisis.vitae@volutpat.edu,Brazil,Ceará,(83) 0000-3237,"Rigel Strong,in@semelit.co.uk,Brazil,Minas Gerais,(51) 0000-8424,366-7335 Sollicitudin Ave,Tecnico Em Radiologia,5,2026,Nao,22,Preta,0",Enfermeiro UTI,5,2290,Sim,24,Indígena,0
Eagan Walton,nisi.sem.semper@loremeget.edu,Brazil,Paraná,(25) 0000-4158,Ap #469-5136 Ac St.,Auxiliar de Enfermagem,1,2995,Nao,37,Parda,0
Cassandra Anthony,ligula.aenean@mi.edu,Brazil,Bahia,(68) 0000-9904,584-3552 Non Street,Enfermeiro Plantonista,10,2214,Sim,36,Parda,1
Nina Harris,phasellus@nibhvulputatemauris.net,Brazil,Maranhão,(93) 0000-2173,"Rigel Strong,in@semelit.co.uk,Brazil,Minas Gerais,(51) 0000-8424,366-7335 Sollicitudin Ave,Tecnico Em Radiologia,5,2026,Nao,22,Preta,0",Tecnico Enfermagem,3,2840,Sim,32,Branca,1
Inez Bowman,tincidunt@eratvitae.co.uk,Brazil,Paraná,(25) 0000-1600,507-7215 Ante Rd.,Enfermeiro UTI,7,2656,Sim,34,Branca,0
Shad Cruz,arcu.sed@duisvolutpatnunc.net,Brazil,Ceará,(45) 0000-5163,Ap #288-7260 Natoque Rd.,Tecnico Em Radiologia,3,2256,Sim,44,Amarela,0
Alexander Hansen,lorem.auctor@interdumcurabitur.edu,Brazil,Ceará,(28) 0000-5671,Ap #602-1139 Auctor Rd.,Fisioterapeuta Geral,4,2537,Sim,39,Indígena,0
Jayme Carey,adipiscing@velest.edu,Brazil,Goiás,(93) 0000-7195,704-7654 Nascetur Ave,Enfermeiro Chefe,4,2790,Sim,35,Indígena,0
Cathleen Jennings,amet.consectetuer@etrutrum.net,Brazil,Minas Gerais,(46) 0000-7247,117-6860 Laoreet St.,Medico,10,2074,Nao,34,Preta,0
Grant Stokes,dapibus.rutrum@semegestas.net,Brazil,Santa Catarina,(74) 0000-5324,"Rigel Strong,in@semelit.co.uk,Brazil,Minas Gerais,(51) 0000-8424,366-7335 Sollicitudin Ave,Tecnico Em Radiologia,5,2026,Nao,22,Preta,0",Fisioterapeuta Geral,5,2846,Sim,27,Indígena,1
Addison Baird,risus@fermentummetusaenean.net,Brazil,Pernambuco,(63) 0000-5475,Ap #612-4336 Amet Street,Tecnico Em Radiologia,2,2963,Nao,43,Preta,1
Holly Burris,sollicitudin.adipiscing@maurisnullainteger.co.uk,Brazil,Paraná,(11) 0000-6414,778-2417 Phasellus Av.,Enfermeiro UTI,2,2868,Sim,48,Preta,0
Nolan Vega,luctus@nibh.net,Brazil,Pará,(92) 0000-9453,"Rigel Strong,in@semelit.co.uk,Brazil,Minas Gerais,(51) 0000-8424,366-7335 Sollicitudin Ave,Tecnico Em Radiologia,5,2026,Nao,22,Preta,0",Cirurgiao,2,2026,Sim,33,Preta,0
Ulric Hays,molestie.orci@lectusasollicitudin.ca,Brazil,Paraíba,(20) 0000-5477,827-7570 Phasellus Street,Farmaceutico,7,2454,Sim,41,Branca,0
Brian Wise,est.tempor@etmagnis.net,Brazil,Minas Gerais,(98) 0000-1485,Ap #581-7105 Pede Rd.,Enfermeiro Obstreta,6,3000,Sim,38,Amarela,1
Olympia Sheppard,eu.dui@diameudolor.ca,Brazil,São Paulo,(43) 0000-2295,890-2290 Fermentum Rd.,Auxiliar de Enfermagem,5,2157,Nao,45,Indígena,0
Beau Irwin,nunc.ut@vestibulumuteros.edu,Brazil,Bahia,(97) 0000-2747,"Rigel Strong,in@semelit.co.uk,Brazil,Minas Gerais,(51) 0000-8424,366-7335 Sollicitudin Ave,Tecnico Em Radiologia,5,2026,Nao,22,Preta,0",Tecnico Enfermagem,5,2747,Sim,25,Preta,0
Dane Christian,at.auctor@malesuadafames.net,Brazil,Pará,(47) 0000-6141,6129 Dignissim St.,Enfermeiro Obstreta,6,2006,Sim,27,Amarela,1
September Evans,neque.nullam.ut@nullafacilisised.ca,Brazil,Rio Grande do Sul,(79) 0000-5600,Ap #907-6056 Pede. St.,Enfermeiro Plantonista,3,2599,Nao,48,Indígena,0
Kimberley Wheeler,pede.suspendisse@interdumenimnon.org,Brazil,Paraíba,(85) 0000-4348,4406 Quisque Rd.,Enfermeiro Obstreta,1,2640,Nao,33,Parda,0
Mufutau Carson,aenean.massa.integer@molestietortor.edu,Brazil,Ceará,(86) 0000-3637,Ap #686-6761 Malesuada Avenue,Nefrologista,6,2510,Sim,36,Parda,0
Pamela Dejesus,massa.mauris@scelerisquescelerisquedui.org,Brazil,Ceará,(66) 0000-6278,193-2965 Tincidunt Street,Tecnico Enfermagem,1,2289,Nao,33,Preta,0
Rowan Farley,posuere.at@aeneangravida.com,Brazil,Santa Catarina,(95) 0000-0546,318-1892 Turpis. Av.,Gerente de Enfermagem,4,2586,Sim,38,Amarela,1
Claire Roth,sodales.mauris@sem.net,Brazil,Maranhão,(24) 0000-6764,Ap #949-3564 Urna Rd.,Cirurgiao,7,2979,Sim,33,Branca,0
Judah Shaw,a@commodoipsumsuspendisse.org,Brazil,Pará,(59) 0000-0322,"Rigel Strong,in@semelit.co.uk,Brazil,Minas Gerais,(51) 0000-8424,366-7335 Sollicitudin Ave,Tecnico Em Radiologia,5,2026,Nao,22,Preta,0",Tecnico Em Radiologia,2,2957,Nao,38,Preta,0
Dillon Bender,blandit.congue.in@in.com,Brazil,Maranhão,(31) 0000-1484,990 Dictum Rd.,Tecnico Enfermagem,10,2760,Nao,48,Indígena,1
Sybil Estrada,sed.congue@mi.org,Brazil,Rio Grande do Sul,(84) 0000-4417,Ap #440-6605 Cursus St.,Nefrologista,2,2248,Nao,35,Indígena,0
Benedict Ware,ipsum.porta@vulputateposuerevulputate.net,Brazil,Rio Grande do Sul,(12) 0000-4213,Ap #787-3614 Lacinia St.,Tecnico Enfermagem,10,2140,Sim,37,Preta,1
Faith Roy,dis.parturient.montes@tinciduntcongue.org,Brazil,Paraíba,(44) 0000-8381,438-8294 Quam Rd.,Gerente de Enfermagem,1,2323,Sim,34,Preta,0
Vance England,eu.euismod@suspendisseeleifend.com,Brazil,Bahia,(08) 0000-2721,787-6714 Conubia Rd.,Tecnico Em Radiologia,4,2513,Sim,27,Indígena,0
Lewis Cross,orci.luctus.et@suspendisseduifusce.ca,Brazil,Ceará,(42) 0000-8694,"Lewis Cross,orci.luctus.et@suspendisseduifusce.ca,Brazil,Ceará,(42) 0000-8694,P.O. Box 665, 1887 Fringilla, Ave,Auxiliar de Enfermagem,9,2211,Sim,23,Preta,1",Auxiliar de Enfermagem,9,2211,Sim,23,Preta,1
Ina Gray,rhoncus.donec@quisarcu.edu,Brazil,Rio de Janeiro,(95) 0000-4963,5427 Senectus Road,Cirurgiao,10,2924,Nao,20,Indígena,1
Graham Donovan,inceptos.hymenaeos@velit.ca,Brazil,Paraíba,(38) 0000-3167,"Lewis Cross,orci.luctus.et@suspendisseduifusce.ca,Brazil,Ceará,(42) 0000-8694,P.O. Box 665, 1887 Fringilla, Ave,Auxiliar de Enfermagem,9,2211,Sim,23,Preta,1",Medico,3,2705,Nao,40,Amarela,1
Ursula Romero,praesent.interdum@utlacus.ca,Brazil,Minas Gerais,(44) 0000-3576,"Lewis Cross,orci.luctus.et@suspendisseduifusce.ca,Brazil,Ceará,(42) 0000-8694,P.O. Box 665, 1887 Fringilla, Ave,Auxiliar de Enfermagem,9,2211,Sim,23,Preta,1",Tecnico Em Radiologia,2,2440,Nao,23,Amarela,1
Aidan Witt,ante.dictum@tellussuspendissesed.ca,Brazil,Santa Catarina,(26) 0000-0677,Ap #962-7003 Dignissim St.,Auxiliar de Enfermagem,10,2049,Sim,29,Amarela,0
Zahir Burns,nunc.ullamcorper@semper.com,Brazil,Minas Gerais,(67) 0000-4944,284-2559 Sagittis St.,Medico,5,2064,Sim,40,Parda,1
Thomas Bradley,enim@namtempordiam.com,Brazil,Paraíba,(18) 0000-8457,"Lewis Cross,orci.luctus.et@suspendisseduifusce.ca,Brazil,Ceará,(42) 0000-8694,P.O. Box 665, 1887 Fringilla, Ave,Auxiliar de Enfermagem,9,2211,Sim,23,Preta,1",Enfermeiro Obstreta,7,2330,Nao,26,Amarela,1
Colleen Ellis,nec@velitegetlaoreet.ca,Brazil,Paraíba,(76) 0000-7777,620-3591 Curabitur Rd.,Enfermeiro UTI,3,2857,Nao,33,Amarela,0
Myra Fox,lobortis.class@ipsumsodalespurus.edu,Brazil,Rio de Janeiro,(92) 0000-6468,Ap #888-5570 Purus St.,Nefrologista,1,2280,Sim,37,Preta,0
Geraldine Dalton,nulla.tempor.augue@proinegetodio.org,Brazil,Pará,(46) 0000-1844,8629 Vulputate St.,Enfermeiro Plantonista,4,2013,Sim,19,Preta,1
Xaviera Trujillo,faucibus.leo@ut.com,Brazil,Rio de Janeiro,(62) 0000-5118,919-1532 Nec Rd.,Gerente de Enfermagem,10,2954,Sim,38,Branca,1
Kaye Gallagher,lectus@necorci.edu,Brazil,Pernambuco,(21) 0000-0131,6874 Cursus Road,Gerente de Enfermagem,5,2727,Sim,19,Amarela,0
Carla Hendrix,libero.et@elitpellentesquea.edu,Brazil,Rio Grande do Sul,(62) 0000-8275,736-5704 Molestie Road,Cirurgiao,5,2072,Nao,38,Indígena,0
Tanisha Vazquez,leo.elementum@velquam.ca,Brazil,Pernambuco,(01) 0000-6353,657-3345 Dignissim Road,Cirurgiao,8,2650,Nao,37,Preta,0
Neil Mack,mus.aenean@donecfelis.org,Brazil,Pernambuco,(65) 0000-4391,268-839 Facilisis. Rd.,Nefrologista,6,2764,Sim,27,Amarela,0
Ella Baird,aliquam@consectetuer.ca,Brazil,Maranhão,(66) 0000-3922,Ap #218-2071 Sagittis Av.,Tecnico Em Radiologia,10,2447,Sim,36,Indígena,1
Lawrence Carr,ut.erat@duisuspendisseac.org,Brazil,Paraíba,(67) 0000-8798,429-7865 Sed Avenue,Enfermeiro Obstreta,4,2646,Nao,25,Parda,1
Cullen Drake,laoreet.ipsum.curabitur@inmipede.edu,Brazil,São Paulo,(51) 0000-2099,Ap #625-150 Cursus Road,Nefrologista,8,2314,Sim,46,Parda,0
Jessamine Lambert,sed@fermentumrisusat.org,Brazil,Bahia,(15) 0000-2608,"Lewis Cross,orci.luctus.et@suspendisseduifusce.ca,Brazil,Ceará,(42) 0000-8694,P.O. Box 665, 1887 Fringilla, Ave,Auxiliar de Enfermagem,9,2211,Sim,23,Preta,1",Auxiliar de Enfermagem,2,2387,Sim,35,Preta,0
Xanthus Sellers,facilisis@egetvariusultrices.com,Brazil,Pará,(87) 0000-1613,Ap #799-3286 Dictum Street,Tecnico Em Radiologia,7,2183,Nao,46,Preta,1
Ralph Hopkins,ullamcorper@velit.ca,Brazil,Paraná,(65) 0000-6444,Ap #923-1722 Dolor Rd.,Auxiliar de Enfermagem,9,2810,Sim,39,Amarela,1
Basia Whitney,dolor.elit@pharetrased.net,Brazil,Pernambuco,(15) 0000-1221,492-6392 Vel Rd.,Medico,1,2157,Nao,30,Preta,1
Basia Fuentes,est.mauris@orci.ca,Brazil,Pará,(06) 0000-5688,601-1884 Sed St.,Enfermeiro Plantonista,3,2172,Sim,35,Indígena,0
Kaitlin Hobbs,amet.consectetuer.adipiscing@faucibus.org,Brazil,Pará,(92) 0000-4134,987-7612 Non Road,Enfermeiro Chefe,8,2251,Sim,28,Branca,0
Lucian Eaton,id.nunc@diamat.co.uk,Brazil,Minas Gerais,(91) 0000-1901,Ap #366-3356 Nascetur St.,Medico,2,2731,Sim,41,Preta,0
Cheryl Gardner,non.dapibus.rutrum@mauris.edu,Brazil,Ceará,(56) 0000-7705,Ap #296-2873 Ipsum. St.,Cirurgiao,10,2800,Nao,27,Amarela,1
Juliet Sharpe,nisl@primisin.co.uk,Brazil,Pernambuco,(12) 0000-6848,765-1963 Interdum Street,Enfermeiro UTI,8,2388,Nao,39,Amarela,1
Jackson Greer,lorem.ipsum.dolor@diamat.co.uk,Brazil,Rio Grande do Sul,(64) 0000-4489,"Lewis Cross,orci.luctus.et@suspendisseduifusce.ca,Brazil,Ceará,(42) 0000-8694,P.O. Box 665, 1887 Fringilla, Ave,Auxiliar de Enfermagem,9,2211,Sim,23,Preta,1",Enfermeiro UTI,5,2970,Sim,35,Indígena,0
Buckminster Lawson,nulla.tempor.augue@natoquepenatibuset.net,Brazil,Paraíba,(28) 0000-1241,7932 Massa Street,Medico,9,2470,Nao,44,Indígena,1
Drew Benton,ornare.libero@arcuiaculisenim.org,Brazil,Paraná,(65) 0000-5735,"Lewis Cross,orci.luctus.et@suspendisseduifusce.ca,Brazil,Ceará,(42) 0000-8694,P.O. Box 665, 1887 Fringilla, Ave,Auxiliar de Enfermagem,9,2211,Sim,23,Preta,1",Enfermeiro Obstreta,9,2444,Sim,30,Amarela,1
Warren Delgado,nascetur.ridiculus@elitetiam.ca,Brazil,Pará,(43) 0000-7650,"Lewis Cross,orci.luctus.et@suspendisseduifusce.ca,Brazil,Ceará,(42) 0000-8694,P.O. Box 665, 1887 Fringilla, Ave,Auxiliar de Enfermagem,9,2211,Sim,23,Preta,1",Enfermeiro Obstreta,1,2730,Sim,41,Branca,0
Freya Strickland,commodo.at.libero@quamcurabitur.edu,Brazil,Maranhão,(34) 0000-1923,Ap #603-3302 Lacus. Av.,Farmaceutico,4,2893,Nao,23,Branca,0
Carolyn Potts,mus.donec.dignissim@nisimauris.org,Brazil,Rio de Janeiro,(72) 0000-8347,"Lewis Cross,orci.luctus.et@suspendisseduifusce.ca,Brazil,Ceará,(42) 0000-8694,P.O. Box 665, 1887 Fringilla, Ave,Auxiliar de Enfermagem,9,2211,Sim,23,Preta,1",Auxiliar de Enfermagem,5,2909,Nao,28,Parda,0
Caleb Valentine,aliquam.enim.nec@vulputatenisi.org,Brazil,Minas Gerais,(34) 0000-1517,"Lewis Cross,orci.luctus.et@suspendisseduifusce.ca,Brazil,Ceará,(42) 0000-8694,P.O. Box 665, 1887 Fringilla, Ave,Auxiliar de Enfermagem,9,2211,Sim,23,Preta,1",Farmaceutico,8,2776,Nao,34,Parda,1
Reagan Blankenship,cras.vehicula.aliquet@placerat.net,Brazil,São Paulo,(26) 0000-4161,156-5952 Suspendisse Avenue,Coordenador de Enfermagem,5,2621,Nao,44,Amarela,0
Uriah Alston,metus.vivamus.euismod@sodaleselit.net,Brazil,Santa Catarina,(79) 0000-9687,245-8380 Tincidunt Avenue,Enfermeiro Obstreta,5,2494,Sim,43,Parda,0
Sonia Duffy,dui@ipsumnonarcu.org,Brazil,Paraíba,(44) 0000-2653,Ap #747-1215 Placerat Street,Tecnico Enfermagem,9,2645,Nao,29,Parda,1
Jade Fulton,vitae.mauris.sit@tempor.edu,Brazil,Pará,(08) 0000-8433,6836 Nisi Road,Tecnico Em Radiologia,4,2740,Nao,34,Indígena,0
Rhonda Doyle,aliquam.enim@risusdonecegestas.ca,Brazil,Goiás,(60) 0000-5137,434-2189 Ante Street,Medico,7,2012,Nao,33,Amarela,0
Wyoming Barnett,auctor.ullamcorper@laoreetlectus.com,Brazil,Paraíba,(23) 0000-3404,"Lewis Cross,orci.luctus.et@suspendisseduifusce.ca,Brazil,Ceará,(42) 0000-8694,P.O. Box 665, 1887 Fringilla, Ave,Auxiliar de Enfermagem,9,2211,Sim,23,Preta,1",Enfermeiro UTI,3,2787,Nao,38,Preta,0
Brittany Carroll,nullam@euismod.co.uk,Brazil,Maranhão,(19) 0000-9698,"Lewis Cross,orci.luctus.et@suspendisseduifusce.ca,Brazil,Ceará,(42) 0000-8694,P.O. Box 665, 1887 Fringilla, Ave,Auxiliar de Enfermagem,9,2211,Sim,23,Preta,1",Tecnico Em Radiologia,5,2102,Sim,29,Parda,0
Regan Turner,donec.egestas.duis@egettincidunt.org,Brazil,Rio de Janeiro,(96) 0000-3542,885-8204 Vehicula Av.,Enfermeiro Plantonista,4,2078,Nao,26,Preta,0
Tashya Calderon,in@maurisrhoncusid.org,Brazil,Minas Gerais,(35) 0000-5683,Ap #812-3383 Eget St.,Enfermeiro Plantonista,7,2998,Nao,34,Preta,0
Halee Valenzuela,lacinia@inlobortis.com,Brazil,Minas Gerais,(26) 0000-5681,Ap #107-7091 Laoreet Street,Medico,8,2459,Sim,47,Indígena,1
Kermit Rocha,vel.arcu@quisquepurus.net,Brazil,Rio de Janeiro,(67) 0000-7027,637-8835 Dolor Road,Medico,1,2975,Sim,40,Indígena,1
